Workbook

Sheet Search
A1: Item Code | B1: Deskripsi | C1: Qty | D1: Lokator | G1: Keyword 1 | H1: Keyword 2 | I1: Keyword 3 | J1: Keyword 4 | K1: Keyword 5
A2: {=ifna(_xlfn.xlookup(B2,'All Item Code'!B:B,'All Item Code'!A:A,),)} -> O-15565-00 | B2: =IFERROR(__xludf.DUMMYFUNCTION("ifna(if(isblank(G3),filter('All Item Code'!B:B,isnumber(search($G$2,'All Item Code'!B:B)),isnumber(search($H$2,'All Item Code'!B:B)),isnumber(search($I$2,'All Item Code'!B:B)),isnumber(search($J$2,'All Item Code'!B:B)),isnumber(search($K$2,'All Item Code'"&"!B:B))),filter('All Item Code'!B:B,isnumber(search($G$3,'All Item Code'!A:A)))),""Tidak Ada"")"),"EPDM MEMBRANE FOR GEMU PNEUMATIC MEMBRANE VALVE 1/2 (DN15); 2-WAY; AISI316L; RA = 0,5MICRON; PNEUMATICALLY OPERATED, NORMALLY CLOSED") -> EPDM MEMBRANE FOR GEMU PNEUMATIC MEMBRANE VALVE 1/2 (DN15); 2-WAY; AISI316L; RA = 0,5MICRON; PNEUMATICALLY OPERATED, NORMALLY CLOSED | C2: {=if(B2="Tidak Ada",,if(isblank(B2),,ifna(sumif('On Hand'!A:A,A2,'On Hand'!D:D)&" "&_xlfn.xlookup(A2,'All Item Code'!A:A,'All Item Code'!D:D,),0)))} -> 0 | D2: =IFERROR(__xludf.DUMMYFUNCTION("if(isblank(B2),,ifna(textjoin(""; "",,filter('On Hand'!E:E,'On Hand'!A:A=A2)),ifna(xlookup(A2,'On Hand'!A:A,'On Hand'!E:E,),)))"),"") | F2: Input Deskripsi | G2: Membrane valve
A3: {=ifna(_xlfn.xlookup(B3,'All Item Code'!B:B,'All Item Code'!A:A,),)} -> O-15585-00 | B3: =IFERROR(__xludf.DUMMYFUNCTION("""COMPUTED_VALUE"""),"EPDM GASKET FOR GEMU PNEUMATIC MEMBRANE VALVE 1/2 (DN15) HEAT NO. 133057;") -> EPDM GASKET FOR GEMU PNEUMATIC MEMBRANE VALVE 1/2 (DN15) HEAT NO. 133057; | C3: {=if(B3="Tidak Ada",,if(isblank(B3),,ifna(sumif('On Hand'!A:A,A3,'On Hand'!D:D)&" "&_xlfn.xlookup(A3,'All Item Code'!A:A,'All Item Code'!D:D,),0)))} -> 0 | D3: =IFERROR(__xludf.DUMMYFUNCTION("if(isblank(B3),,ifna(textjoin(""; "",,filter('On Hand'!E:E,'On Hand'!A:A=A3)),ifna(xlookup(A3,'On Hand'!A:A,'On Hand'!E:E,),)))"),"") | F3: Input Item Code
A4: {=ifna(_xlfn.xlookup(B4,'All Item Code'!B:B,'All Item Code'!A:A,),)} -> O-15652-00 | B4: =IFERROR(__xludf.DUMMYFUNCTION("""COMPUTED_VALUE"""),"PNEUMATIC MEMBRANE VALVE 1/2' (DN15); STERILINE ; PART NO :5189") -> PNEUMATIC MEMBRANE VALVE 1/2' (DN15); STERILINE ; PART NO :5189 | C4: {=if(B4="Tidak Ada",,if(isblank(B4),,ifna(sumif('On Hand'!A:A,A4,'On Hand'!D:D)&" "&_xlfn.xlookup(A4,'All Item Code'!A:A,'All Item Code'!D:D,),0)))} -> 0 | D4: =IFERROR(__xludf.DUMMYFUNCTION("if(isblank(B4),,ifna(textjoin(""; "",,filter('On Hand'!E:E,'On Hand'!A:A=A4)),ifna(xlookup(A4,'On Hand'!A:A,'On Hand'!E:E,),)))"),"")
A5: {=ifna(_xlfn.xlookup(B5,'All Item Code'!B:B,'All Item Code'!A:A,),)} -> O-15653-00 | B5: =IFERROR(__xludf.DUMMYFUNCTION("""COMPUTED_VALUE"""),"PNEUMATICALLY OPERATED, NORMALLY CLOSED FOR GEMU ; PNEUMATIC MEMBRANE VALVE 1/2 (DN15) 2-WAY VALVE BODY; HEAT NO. 128153;") -> PNEUMATICALLY OPERATED, NORMALLY CLOSED FOR GEMU ; PNEUMATIC MEMBRANE VALVE 1/2 (DN15) 2-WAY VALVE BODY; HEAT NO. 128153; | C5: {=if(B5="Tidak Ada",,if(isblank(B5),,ifna(sumif('On Hand'!A:A,A5,'On Hand'!D:D)&" "&_xlfn.xlookup(A5,'All Item Code'!A:A,'All Item Code'!D:D,),0)))} -> 0 | D5: =IFERROR(__xludf.DUMMYFUNCTION("if(isblank(B5),,ifna(textjoin(""; "",,filter('On Hand'!E:E,'On Hand'!A:A=A5)),ifna(xlookup(A5,'On Hand'!A:A,'On Hand'!E:E,),)))"),"")
A6: {=ifna(_xlfn.xlookup(B6,'All Item Code'!B:B,'All Item Code'!A:A,),)} -> O-18388-00 | B6: =IFERROR(__xludf.DUMMYFUNCTION("""COMPUTED_VALUE"""),"Membrane Valve PTFE/EPDM DN15 type 612 GEMU; ; ;") -> Membrane Valve PTFE/EPDM DN15 type 612 GEMU; ; ; | C6: {=if(B6="Tidak Ada",,if(isblank(B6),,ifna(sumif('On Hand'!A:A,A6,'On Hand'!D:D)&" "&_xlfn.xlookup(A6,'All Item Code'!A:A,'All Item Code'!D:D,),0)))} -> 4 pc | D6: =IFERROR(__xludf.DUMMYFUNCTION("if(isblank(B6),,ifna(textjoin(""; "",,filter('On Hand'!E:E,'On Hand'!A:A=A6)),ifna(xlookup(A6,'On Hand'!A:A,'On Hand'!E:E,),)))"),"F-1") -> F-1
A7: {=ifna(_xlfn.xlookup(B7,'All Item Code'!B:B,'All Item Code'!A:A,),)} -> O-21092-00 | B7: =IFERROR(__xludf.DUMMYFUNCTION("""COMPUTED_VALUE"""),"EDM EDM1 - PNEUMATIC MEMBRANE VALVE 1/2' (DN15) 605 15 D 80 40 17 10/N 1536; -; 5189; 1 Pc") -> EDM EDM1 - PNEUMATIC MEMBRANE VALVE 1/2' (DN15) 605 15 D 80 40 17 10/N 1536; -; 5189; 1 Pc | C7: {=if(B7="Tidak Ada",,if(isblank(B7),,ifna(sumif('On Hand'!A:A,A7,'On Hand'!D:D)&" "&_xlfn.xlookup(A7,'All Item Code'!A:A,'All Item Code'!D:D,),0)))} -> 0 | D7: =IFERROR(__xludf.DUMMYFUNCTION("if(isblank(B7),,ifna(textjoin(""; "",,filter('On Hand'!E:E,'On Hand'!A:A=A7)),ifna(xlookup(A7,'On Hand'!A:A,'On Hand'!E:E,),)))"),"")
A8: {=ifna(_xlfn.xlookup(B8,'All Item Code'!B:B,'All Item Code'!A:A,),)} | C8: {=if(B8="Tidak Ada",,if(isblank(B8),,ifna(sumif('On Hand'!A:A,A8,'On Hand'!D:D)&" "&_xlfn.xlookup(A8,'All Item Code'!A:A,'All Item Code'!D:D,),0)))} | D8: =IFERROR(__xludf.DUMMYFUNCTION("if(isblank(B8),,ifna(textjoin(""; "",,filter('On Hand'!E:E,'On Hand'!A:A=A8)),ifna(xlookup(A8,'On Hand'!A:A,'On Hand'!E:E,),)))"),"")
A9: {=ifna(_xlfn.xlookup(B9,'All Item Code'!B:B,'All Item Code'!A:A,),)} | C9: {=if(B9="Tidak Ada",,if(isblank(B9),,ifna(sumif('On Hand'!A:A,A9,'On Hand'!D:D)&" "&_xlfn.xlookup(A9,'All Item Code'!A:A,'All Item Code'!D:D,),0)))} | D9: =IFERROR(__xludf.DUMMYFUNCTION("if(isblank(B9),,ifna(textjoin(""; "",,filter('On Hand'!E:E,'On Hand'!A:A=A9)),ifna(xlookup(A9,'On Hand'!A:A,'On Hand'!E:E,),)))"),"")
A10: {=ifna(_xlfn.xlookup(B10,'All Item Code'!B:B,'All Item Code'!A:A,),)} | C10: {=if(B10="Tidak Ada",,if(isblank(B10),,ifna(sumif('On Hand'!A:A,A10,'On Hand'!D:D)&" "&_xlfn.xlookup(A10,'All Item Code'!A:A,'All Item Code'!D:D,),0)))} | D10: =IFERROR(__xludf.DUMMYFUNCTION("if(isblank(B10),,ifna(textjoin(""; "",,filter('On Hand'!E:E,'On Hand'!A:A=A10)),ifna(xlookup(A10,'On Hand'!A:A,'On Hand'!E:E,),)))"),"")
A11: {=ifna(_xlfn.xlookup(B11,'All Item Code'!B:B,'All Item Code'!A:A,),)} | C11: {=if(B11="Tidak Ada",,if(isblank(B11),,ifna(sumif('On Hand'!A:A,A11,'On Hand'!D:D)&" "&_xlfn.xlookup(A11,'All Item Code'!A:A,'All Item Code'!D:D,),0)))} | D11: =IFERROR(__xludf.DUMMYFUNCTION("if(isblank(B11),,ifna(textjoin(""; "",,filter('On Hand'!E:E,'On Hand'!A:A=A11)),ifna(xlookup(A11,'On Hand'!A:A,'On Hand'!E:E,),)))"),"")
A12: {=ifna(_xlfn.xlookup(B12,'All Item Code'!B:B,'All Item Code'!A:A,),)} | C12: {=if(B12="Tidak Ada",,if(isblank(B12),,ifna(sumif('On Hand'!A:A,A12,'On Hand'!D:D)&" "&_xlfn.xlookup(A12,'All Item Code'!A:A,'All Item Code'!D:D,),0)))} | D12: =IFERROR(__xludf.DUMMYFUNCTION("if(isblank(B12),,ifna(textjoin(""; "",,filter('On Hand'!E:E,'On Hand'!A:A=A12)),ifna(xlookup(A12,'On Hand'!A:A,'On Hand'!E:E,),)))"),"")
A13: {=ifna(_xlfn.xlookup(B13,'All Item Code'!B:B,'All Item Code'!A:A,),)} | C13: {=if(B13="Tidak Ada",,if(isblank(B13),,ifna(sumif('On Hand'!A:A,A13,'On Hand'!D:D)&" "&_xlfn.xlookup(A13,'All Item Code'!A:A,'All Item Code'!D:D,),0)))} | D13: =IFERROR(__xludf.DUMMYFUNCTION("if(isblank(B13),,ifna(textjoin(""; "",,filter('On Hand'!E:E,'On Hand'!A:A=A13)),ifna(xlookup(A13,'On Hand'!A:A,'On Hand'!E:E,),)))"),"")
A14: {=ifna(_xlfn.xlookup(B14,'All Item Code'!B:B,'All Item Code'!A:A,),)} | C14: {=if(B14="Tidak Ada",,if(isblank(B14),,ifna(sumif('On Hand'!A:A,A14,'On Hand'!D:D)&" "&_xlfn.xlookup(A14,'All Item Code'!A:A,'All Item Code'!D:D,),0)))} | D14: =IFERROR(__xludf.DUMMYFUNCTION("if(isblank(B14),,ifna(textjoin(""; "",,filter('On Hand'!E:E,'On Hand'!A:A=A14)),ifna(xlookup(A14,'On Hand'!A:A,'On Hand'!E:E,),)))"),"")
A15: {=ifna(_xlfn.xlookup(B15,'All Item Code'!B:B,'All Item Code'!A:A,),)} | C15: {=if(B15="Tidak Ada",,if(isblank(B15),,ifna(sumif('On Hand'!A:A,A15,'On Hand'!D:D)&" "&_xlfn.xlookup(A15,'All Item Code'!A:A,'All Item Code'!D:D,),0)))} | D15: =IFERROR(__xludf.DUMMYFUNCTION("if(isblank(B15),,ifna(textjoin(""; "",,filter('On Hand'!E:E,'On Hand'!A:A=A15)),ifna(xlookup(A15,'On Hand'!A:A,'On Hand'!E:E,),)))"),"")
A16: {=ifna(_xlfn.xlookup(B16,'All Item Code'!B:B,'All Item Code'!A:A,),)} | C16: {=if(B16="Tidak Ada",,if(isblank(B16),,ifna(sumif('On Hand'!A:A,A16,'On Hand'!D:D)&" "&_xlfn.xlookup(A16,'All Item Code'!A:A,'All Item Code'!D:D,),0)))} | D16: =IFERROR(__xludf.DUMMYFUNCTION("if(isblank(B16),,ifna(textjoin(""; "",,filter('On Hand'!E:E,'On Hand'!A:A=A16)),ifna(xlookup(A16,'On Hand'!A:A,'On Hand'!E:E,),)))"),"")
A17: {=ifna(_xlfn.xlookup(B17,'All Item Code'!B:B,'All Item Code'!A:A,),)} | C17: {=if(B17="Tidak Ada",,if(isblank(B17),,ifna(sumif('On Hand'!A:A,A17,'On Hand'!D:D)&" "&_xlfn.xlookup(A17,'All Item Code'!A:A,'All Item Code'!D:D,),0)))} | D17: =IFERROR(__xludf.DUMMYFUNCTION("if(isblank(B17),,ifna(textjoin(""; "",,filter('On Hand'!E:E,'On Hand'!A:A=A17)),ifna(xlookup(A17,'On Hand'!A:A,'On Hand'!E:E,),)))"),"")
A18: {=ifna(_xlfn.xlookup(B18,'All Item Code'!B:B,'All Item Code'!A:A,),)} | C18: {=if(B18="Tidak Ada",,if(isblank(B18),,ifna(sumif('On Hand'!A:A,A18,'On Hand'!D:D)&" "&_xlfn.xlookup(A18,'All Item Code'!A:A,'All Item Code'!D:D,),0)))} | D18: =IFERROR(__xludf.DUMMYFUNCTION("if(isblank(B18),,ifna(textjoin(""; "",,filter('On Hand'!E:E,'On Hand'!A:A=A18)),ifna(xlookup(A18,'On Hand'!A:A,'On Hand'!E:E,),)))"),"")
A19: {=ifna(_xlfn.xlookup(B19,'All Item Code'!B:B,'All Item Code'!A:A,),)} | C19: {=if(B19="Tidak Ada",,if(isblank(B19),,ifna(sumif('On Hand'!A:A,A19,'On Hand'!D:D)&" "&_xlfn.xlookup(A19,'All Item Code'!A:A,'All Item Code'!D:D,),0)))} | D19: =IFERROR(__xludf.DUMMYFUNCTION("if(isblank(B19),,ifna(textjoin(""; "",,filter('On Hand'!E:E,'On Hand'!A:A=A19)),ifna(xlookup(A19,'On Hand'!A:A,'On Hand'!E:E,),)))"),"")
A20: {=ifna(_xlfn.xlookup(B20,'All Item Code'!B:B,'All Item Code'!A:A,),)} | C20: {=if(B20="Tidak Ada",,if(isblank(B20),,ifna(sumif('On Hand'!A:A,A20,'On Hand'!D:D)&" "&_xlfn.xlookup(A20,'All Item Code'!A:A,'All Item Code'!D:D,),0)))} | D20: =IFERROR(__xludf.DUMMYFUNCTION("if(isblank(B20),,ifna(textjoin(""; "",,filter('On Hand'!E:E,'On Hand'!A:A=A20)),ifna(xlookup(A20,'On Hand'!A:A,'On Hand'!E:E,),)))"),"")
A21: {=ifna(_xlfn.xlookup(B21,'All Item Code'!B:B,'All Item Code'!A:A,),)} | C21: {=if(B21="Tidak Ada",,if(isblank(B21),,ifna(sumif('On Hand'!A:A,A21,'On Hand'!D:D)&" "&_xlfn.xlookup(A21,'All Item Code'!A:A,'All Item Code'!D:D,),0)))} | D21: =IFERROR(__xludf.DUMMYFUNCTION("if(isblank(B21),,ifna(textjoin(""; "",,filter('On Hand'!E:E,'On Hand'!A:A=A21)),ifna(xlookup(A21,'On Hand'!A:A,'On Hand'!E:E,),)))"),"")
A22: {=ifna(_xlfn.xlookup(B22,'All Item Code'!B:B,'All Item Code'!A:A,),)} | C22: {=if(B22="Tidak Ada",,if(isblank(B22),,ifna(sumif('On Hand'!A:A,A22,'On Hand'!D:D)&" "&_xlfn.xlookup(A22,'All Item Code'!A:A,'All Item Code'!D:D,),0)))} | D22: =IFERROR(__xludf.DUMMYFUNCTION("if(isblank(B22),,ifna(textjoin(""; "",,filter('On Hand'!E:E,'On Hand'!A:A=A22)),ifna(xlookup(A22,'On Hand'!A:A,'On Hand'!E:E,),)))"),"")
A23: {=ifna(_xlfn.xlookup(B23,'All Item Code'!B:B,'All Item Code'!A:A,),)} | C23: {=if(B23="Tidak Ada",,if(isblank(B23),,ifna(sumif('On Hand'!A:A,A23,'On Hand'!D:D)&" "&_xlfn.xlookup(A23,'All Item Code'!A:A,'All Item Code'!D:D,),0)))} | D23: =IFERROR(__xludf.DUMMYFUNCTION("if(isblank(B23),,ifna(textjoin(""; "",,filter('On Hand'!E:E,'On Hand'!A:A=A23)),ifna(xlookup(A23,'On Hand'!A:A,'On Hand'!E:E,),)))"),"")
A24: {=ifna(_xlfn.xlookup(B24,'All Item Code'!B:B,'All Item Code'!A:A,),)} | C24: {=if(B24="Tidak Ada",,if(isblank(B24),,ifna(sumif('On Hand'!A:A,A24,'On Hand'!D:D)&" "&_xlfn.xlookup(A24,'All Item Code'!A:A,'All Item Code'!D:D,),0)))} | D24: =IFERROR(__xludf.DUMMYFUNCTION("if(isblank(B24),,ifna(textjoin(""; "",,filter('On Hand'!E:E,'On Hand'!A:A=A24)),ifna(xlookup(A24,'On Hand'!A:A,'On Hand'!E:E,),)))"),"")
A25: {=ifna(_xlfn.xlookup(B25,'All Item Code'!B:B,'All Item Code'!A:A,),)} | C25: {=if(B25="Tidak Ada",,if(isblank(B25),,ifna(sumif('On Hand'!A:A,A25,'On Hand'!D:D)&" "&_xlfn.xlookup(A25,'All Item Code'!A:A,'All Item Code'!D:D,),0)))} | D25: =IFERROR(__xludf.DUMMYFUNCTION("if(isblank(B25),,ifna(textjoin(""; "",,filter('On Hand'!E:E,'On Hand'!A:A=A25)),ifna(xlookup(A25,'On Hand'!A:A,'On Hand'!E:E,),)))"),"")
A26: {=ifna(_xlfn.xlookup(B26,'All Item Code'!B:B,'All Item Code'!A:A,),)} | C26: {=if(B26="Tidak Ada",,if(isblank(B26),,ifna(sumif('On Hand'!A:A,A26,'On Hand'!D:D)&" "&_xlfn.xlookup(A26,'All Item Code'!A:A,'All Item Code'!D:D,),0)))} | D26: =IFERROR(__xludf.DUMMYFUNCTION("if(isblank(B26),,ifna(textjoin(""; "",,filter('On Hand'!E:E,'On Hand'!A:A=A26)),ifna(xlookup(A26,'On Hand'!A:A,'On Hand'!E:E,),)))"),"")
A27: {=ifna(_xlfn.xlookup(B27,'All Item Code'!B:B,'All Item Code'!A:A,),)} | C27: {=if(B27="Tidak Ada",,if(isblank(B27),,ifna(sumif('On Hand'!A:A,A27,'On Hand'!D:D)&" "&_xlfn.xlookup(A27,'All Item Code'!A:A,'All Item Code'!D:D,),0)))} | D27: =IFERROR(__xludf.DUMMYFUNCTION("if(isblank(B27),,ifna(textjoin(""; "",,filter('On Hand'!E:E,'On Hand'!A:A=A27)),ifna(xlookup(A27,'On Hand'!A:A,'On Hand'!E:E,),)))"),"")
A28: {=ifna(_xlfn.xlookup(B28,'All Item Code'!B:B,'All Item Code'!A:A,),)} | C28: {=if(B28="Tidak Ada",,if(isblank(B28),,ifna(sumif('On Hand'!A:A,A28,'On Hand'!D:D)&" "&_xlfn.xlookup(A28,'All Item Code'!A:A,'All Item Code'!D:D,),0)))} | D28: =IFERROR(__xludf.DUMMYFUNCTION("if(isblank(B28),,ifna(textjoin(""; "",,filter('On Hand'!E:E,'On Hand'!A:A=A28)),ifna(xlookup(A28,'On Hand'!A:A,'On Hand'!E:E,),)))"),"")
A29: {=ifna(_xlfn.xlookup(B29,'All Item Code'!B:B,'All Item Code'!A:A,),)} | C29: {=if(B29="Tidak Ada",,if(isblank(B29),,ifna(sumif('On Hand'!A:A,A29,'On Hand'!D:D)&" "&_xlfn.xlookup(A29,'All Item Code'!A:A,'All Item Code'!D:D,),0)))} | D29: =IFERROR(__xludf.DUMMYFUNCTION("if(isblank(B29),,ifna(textjoin(""; "",,filter('On Hand'!E:E,'On Hand'!A:A=A29)),ifna(xlookup(A29,'On Hand'!A:A,'On Hand'!E:E,),)))"),"")
A30: {=ifna(_xlfn.xlookup(B30,'All Item Code'!B:B,'All Item Code'!A:A,),)} | C30: {=if(B30="Tidak Ada",,if(isblank(B30),,ifna(sumif('On Hand'!A:A,A30,'On Hand'!D:D)&" "&_xlfn.xlookup(A30,'All Item Code'!A:A,'All Item Code'!D:D,),0)))} | D30: =IFERROR(__xludf.DUMMYFUNCTION("if(isblank(B30),,ifna(textjoin(""; "",,filter('On Hand'!E:E,'On Hand'!A:A=A30)),ifna(xlookup(A30,'On Hand'!A:A,'On Hand'!E:E,),)))"),"")
A31: {=ifna(_xlfn.xlookup(B31,'All Item Code'!B:B,'All Item Code'!A:A,),)} | C31: {=if(B31="Tidak Ada",,if(isblank(B31),,ifna(sumif('On Hand'!A:A,A31,'On Hand'!D:D)&" "&_xlfn.xlookup(A31,'All Item Code'!A:A,'All Item Code'!D:D,),0)))} | D31: =IFERROR(__xludf.DUMMYFUNCTION("if(isblank(B31),,ifna(textjoin(""; "",,filter('On Hand'!E:E,'On Hand'!A:A=A31)),ifna(xlookup(A31,'On Hand'!A:A,'On Hand'!E:E,),)))"),"")
A32: {=ifna(_xlfn.xlookup(B32,'All Item Code'!B:B,'All Item Code'!A:A,),)} | C32: {=if(B32="Tidak Ada",,if(isblank(B32),,ifna(sumif('On Hand'!A:A,A32,'On Hand'!D:D)&" "&_xlfn.xlookup(A32,'All Item Code'!A:A,'All Item Code'!D:D,),0)))} | D32: =IFERROR(__xludf.DUMMYFUNCTION("if(isblank(B32),,ifna(textjoin(""; "",,filter('On Hand'!E:E,'On Hand'!A:A=A32)),ifna(xlookup(A32,'On Hand'!A:A,'On Hand'!E:E,),)))"),"")
A33: {=ifna(_xlfn.xlookup(B33,'All Item Code'!B:B,'All Item Code'!A:A,),)} | C33: {=if(B33="Tidak Ada",,if(isblank(B33),,ifna(sumif('On Hand'!A:A,A33,'On Hand'!D:D)&" "&_xlfn.xlookup(A33,'All Item Code'!A:A,'All Item Code'!D:D,),0)))} | D33: =IFERROR(__xludf.DUMMYFUNCTION("if(isblank(B33),,ifna(textjoin(""; "",,filter('On Hand'!E:E,'On Hand'!A:A=A33)),ifna(xlookup(A33,'On Hand'!A:A,'On Hand'!E:E,),)))"),"")
A34: {=ifna(_xlfn.xlookup(B34,'All Item Code'!B:B,'All Item Code'!A:A,),)} | C34: {=if(B34="Tidak Ada",,if(isblank(B34),,ifna(sumif('On Hand'!A:A,A34,'On Hand'!D:D)&" "&_xlfn.xlookup(A34,'All Item Code'!A:A,'All Item Code'!D:D,),0)))} | D34: =IFERROR(__xludf.DUMMYFUNCTION("if(isblank(B34),,ifna(textjoin(""; "",,filter('On Hand'!E:E,'On Hand'!A:A=A34)),ifna(xlookup(A34,'On Hand'!A:A,'On Hand'!E:E,),)))"),"")
A35: {=ifna(_xlfn.xlookup(B35,'All Item Code'!B:B,'All Item Code'!A:A,),)} | C35: {=if(B35="Tidak Ada",,if(isblank(B35),,ifna(sumif('On Hand'!A:A,A35,'On Hand'!D:D)&" "&_xlfn.xlookup(A35,'All Item Code'!A:A,'All Item Code'!D:D,),0)))} | D35: =IFERROR(__xludf.DUMMYFUNCTION("if(isblank(B35),,ifna(textjoin(""; "",,filter('On Hand'!E:E,'On Hand'!A:A=A35)),ifna(xlookup(A35,'On Hand'!A:A,'On Hand'!E:E,),)))"),"")
A36: {=ifna(_xlfn.xlookup(B36,'All Item Code'!B:B,'All Item Code'!A:A,),)} | C36: {=if(B36="Tidak Ada",,if(isblank(B36),,ifna(sumif('On Hand'!A:A,A36,'On Hand'!D:D)&" "&_xlfn.xlookup(A36,'All Item Code'!A:A,'All Item Code'!D:D,),0)))} | D36: =IFERROR(__xludf.DUMMYFUNCTION("if(isblank(B36),,ifna(textjoin(""; "",,filter('On Hand'!E:E,'On Hand'!A:A=A36)),ifna(xlookup(A36,'On Hand'!A:A,'On Hand'!E:E,),)))"),"")
A37: {=ifna(_xlfn.xlookup(B37,'All Item Code'!B:B,'All Item Code'!A:A,),)} | C37: {=if(B37="Tidak Ada",,if(isblank(B37),,ifna(sumif('On Hand'!A:A,A37,'On Hand'!D:D)&" "&_xlfn.xlookup(A37,'All Item Code'!A:A,'All Item Code'!D:D,),0)))} | D37: =IFERROR(__xludf.DUMMYFUNCTION("if(isblank(B37),,ifna(textjoin(""; "",,filter('On Hand'!E:E,'On Hand'!A:A=A37)),ifna(xlookup(A37,'On Hand'!A:A,'On Hand'!E:E,),)))"),"")
A38: {=ifna(_xlfn.xlookup(B38,'All Item Code'!B:B,'All Item Code'!A:A,),)} | C38: {=if(B38="Tidak Ada",,if(isblank(B38),,ifna(sumif('On Hand'!A:A,A38,'On Hand'!D:D)&" "&_xlfn.xlookup(A38,'All Item Code'!A:A,'All Item Code'!D:D,),0)))} | D38: =IFERROR(__xludf.DUMMYFUNCTION("if(isblank(B38),,ifna(textjoin(""; "",,filter('On Hand'!E:E,'On Hand'!A:A=A38)),ifna(xlookup(A38,'On Hand'!A:A,'On Hand'!E:E,),)))"),"")
A39: {=ifna(_xlfn.xlookup(B39,'All Item Code'!B:B,'All Item Code'!A:A,),)} | C39: {=if(B39="Tidak Ada",,if(isblank(B39),,ifna(sumif('On Hand'!A:A,A39,'On Hand'!D:D)&" "&_xlfn.xlookup(A39,'All Item Code'!A:A,'All Item Code'!D:D,),0)))} | D39: =IFERROR(__xludf.DUMMYFUNCTION("if(isblank(B39),,ifna(textjoin(""; "",,filter('On Hand'!E:E,'On Hand'!A:A=A39)),ifna(xlookup(A39,'On Hand'!A:A,'On Hand'!E:E,),)))"),"")
A40: {=ifna(_xlfn.xlookup(B40,'All Item Code'!B:B,'All Item Code'!A:A,),)} | C40: {=if(B40="Tidak Ada",,if(isblank(B40),,ifna(sumif('On Hand'!A:A,A40,'On Hand'!D:D)&" "&_xlfn.xlookup(A40,'All Item Code'!A:A,'All Item Code'!D:D,),0)))} | D40: =IFERROR(__xludf.DUMMYFUNCTION("if(isblank(B40),,ifna(textjoin(""; "",,filter('On Hand'!E:E,'On Hand'!A:A=A40)),ifna(xlookup(A40,'On Hand'!A:A,'On Hand'!E:E,),)))"),"")
A41: {=ifna(_xlfn.xlookup(B41,'All Item Code'!B:B,'All Item Code'!A:A,),)} | C41: {=if(B41="Tidak Ada",,if(isblank(B41),,ifna(sumif('On Hand'!A:A,A41,'On Hand'!D:D)&" "&_xlfn.xlookup(A41,'All Item Code'!A:A,'All Item Code'!D:D,),0)))} | D41: =IFERROR(__xludf.DUMMYFUNCTION("if(isblank(B41),,ifna(textjoin(""; "",,filter('On Hand'!E:E,'On Hand'!A:A=A41)),ifna(xlookup(A41,'On Hand'!A:A,'On Hand'!E:E,),)))"),"")
A42: {=ifna(_xlfn.xlookup(B42,'All Item Code'!B:B,'All Item Code'!A:A,),)} | C42: {=if(B42="Tidak Ada",,if(isblank(B42),,ifna(sumif('On Hand'!A:A,A42,'On Hand'!D:D)&" "&_xlfn.xlookup(A42,'All Item Code'!A:A,'All Item Code'!D:D,),0)))} | D42: =IFERROR(__xludf.DUMMYFUNCTION("if(isblank(B42),,ifna(textjoin(""; "",,filter('On Hand'!E:E,'On Hand'!A:A=A42)),ifna(xlookup(A42,'On Hand'!A:A,'On Hand'!E:E,),)))"),"")
A43: {=ifna(_xlfn.xlookup(B43,'All Item Code'!B:B,'All Item Code'!A:A,),)} | C43: {=if(B43="Tidak Ada",,if(isblank(B43),,ifna(sumif('On Hand'!A:A,A43,'On Hand'!D:D)&" "&_xlfn.xlookup(A43,'All Item Code'!A:A,'All Item Code'!D:D,),0)))} | D43: =IFERROR(__xludf.DUMMYFUNCTION("if(isblank(B43),,ifna(textjoin(""; "",,filter('On Hand'!E:E,'On Hand'!A:A=A43)),ifna(xlookup(A43,'On Hand'!A:A,'On Hand'!E:E,),)))"),"")
A44: {=ifna(_xlfn.xlookup(B44,'All Item Code'!B:B,'All Item Code'!A:A,),)} | C44: {=if(B44="Tidak Ada",,if(isblank(B44),,ifna(sumif('On Hand'!A:A,A44,'On Hand'!D:D)&" "&_xlfn.xlookup(A44,'All Item Code'!A:A,'All Item Code'!D:D,),0)))} | D44: =IFERROR(__xludf.DUMMYFUNCTION("if(isblank(B44),,ifna(textjoin(""; "",,filter('On Hand'!E:E,'On Hand'!A:A=A44)),ifna(xlookup(A44,'On Hand'!A:A,'On Hand'!E:E,),)))"),"")
A45: {=ifna(_xlfn.xlookup(B45,'All Item Code'!B:B,'All Item Code'!A:A,),)} | C45: {=if(B45="Tidak Ada",,if(isblank(B45),,ifna(sumif('On Hand'!A:A,A45,'On Hand'!D:D)&" "&_xlfn.xlookup(A45,'All Item Code'!A:A,'All Item Code'!D:D,),0)))} | D45: =IFERROR(__xludf.DUMMYFUNCTION("if(isblank(B45),,ifna(textjoin(""; "",,filter('On Hand'!E:E,'On Hand'!A:A=A45)),ifna(xlookup(A45,'On Hand'!A:A,'On Hand'!E:E,),)))"),"")
A46: {=ifna(_xlfn.xlookup(B46,'All Item Code'!B:B,'All Item Code'!A:A,),)} | C46: {=if(B46="Tidak Ada",,if(isblank(B46),,ifna(sumif('On Hand'!A:A,A46,'On Hand'!D:D)&" "&_xlfn.xlookup(A46,'All Item Code'!A:A,'All Item Code'!D:D,),0)))} | D46: =IFERROR(__xludf.DUMMYFUNCTION("if(isblank(B46),,ifna(textjoin(""; "",,filter('On Hand'!E:E,'On Hand'!A:A=A46)),ifna(xlookup(A46,'On Hand'!A:A,'On Hand'!E:E,),)))"),"")
A47: {=ifna(_xlfn.xlookup(B47,'All Item Code'!B:B,'All Item Code'!A:A,),)} | C47: {=if(B47="Tidak Ada",,if(isblank(B47),,ifna(sumif('On Hand'!A:A,A47,'On Hand'!D:D)&" "&_xlfn.xlookup(A47,'All Item Code'!A:A,'All Item Code'!D:D,),0)))} | D47: =IFERROR(__xludf.DUMMYFUNCTION("if(isblank(B47),,ifna(textjoin(""; "",,filter('On Hand'!E:E,'On Hand'!A:A=A47)),ifna(xlookup(A47,'On Hand'!A:A,'On Hand'!E:E,),)))"),"")
A48: {=ifna(_xlfn.xlookup(B48,'All Item Code'!B:B,'All Item Code'!A:A,),)} | C48: {=if(B48="Tidak Ada",,if(isblank(B48),,ifna(sumif('On Hand'!A:A,A48,'On Hand'!D:D)&" "&_xlfn.xlookup(A48,'All Item Code'!A:A,'All Item Code'!D:D,),0)))} | D48: =IFERROR(__xludf.DUMMYFUNCTION("if(isblank(B48),,ifna(textjoin(""; "",,filter('On Hand'!E:E,'On Hand'!A:A=A48)),ifna(xlookup(A48,'On Hand'!A:A,'On Hand'!E:E,),)))"),"")
A49: {=ifna(_xlfn.xlookup(B49,'All Item Code'!B:B,'All Item Code'!A:A,),)} | C49: {=if(B49="Tidak Ada",,if(isblank(B49),,ifna(sumif('On Hand'!A:A,A49,'On Hand'!D:D)&" "&_xlfn.xlookup(A49,'All Item Code'!A:A,'All Item Code'!D:D,),0)))} | D49: =IFERROR(__xludf.DUMMYFUNCTION("if(isblank(B49),,ifna(textjoin(""; "",,filter('On Hand'!E:E,'On Hand'!A:A=A49)),ifna(xlookup(A49,'On Hand'!A:A,'On Hand'!E:E,),)))"),"")
A50: {=ifna(_xlfn.xlookup(B50,'All Item Code'!B:B,'All Item Code'!A:A,),)} | C50: {=if(B50="Tidak Ada",,if(isblank(B50),,ifna(sumif('On Hand'!A:A,A50,'On Hand'!D:D)&" "&_xlfn.xlookup(A50,'All Item Code'!A:A,'All Item Code'!D:D,),0)))} | D50: =IFERROR(__xludf.DUMMYFUNCTION("if(isblank(B50),,ifna(textjoin(""; "",,filter('On Hand'!E:E,'On Hand'!A:A=A50)),ifna(xlookup(A50,'On Hand'!A:A,'On Hand'!E:E,),)))"),"")
A51: {=ifna(_xlfn.xlookup(B51,'All Item Code'!B:B,'All Item Code'!A:A,),)} | C51: {=if(B51="Tidak Ada",,if(isblank(B51),,ifna(sumif('On Hand'!A:A,A51,'On Hand'!D:D)&" "&_xlfn.xlookup(A51,'All Item Code'!A:A,'All Item Code'!D:D,),0)))} | D51: =IFERROR(__xludf.DUMMYFUNCTION("if(isblank(B51),,ifna(textjoin(""; "",,filter('On Hand'!E:E,'On Hand'!A:A=A51)),ifna(xlookup(A51,'On Hand'!A:A,'On Hand'!E:E,),)))"),"")
A52: {=ifna(_xlfn.xlookup(B52,'All Item Code'!B:B,'All Item Code'!A:A,),)} | C52: {=if(B52="Tidak Ada",,if(isblank(B52),,ifna(sumif('On Hand'!A:A,A52,'On Hand'!D:D)&" "&_xlfn.xlookup(A52,'All Item Code'!A:A,'All Item Code'!D:D,),0)))} | D52: =IFERROR(__xludf.DUMMYFUNCTION("if(isblank(B52),,ifna(textjoin(""; "",,filter('On Hand'!E:E,'On Hand'!A:A=A52)),ifna(xlookup(A52,'On Hand'!A:A,'On Hand'!E:E,),)))"),"")
A53: {=ifna(_xlfn.xlookup(B53,'All Item Code'!B:B,'All Item Code'!A:A,),)} | C53: {=if(B53="Tidak Ada",,if(isblank(B53),,ifna(sumif('On Hand'!A:A,A53,'On Hand'!D:D)&" "&_xlfn.xlookup(A53,'All Item Code'!A:A,'All Item Code'!D:D,),0)))} | D53: =IFERROR(__xludf.DUMMYFUNCTION("if(isblank(B53),,ifna(textjoin(""; "",,filter('On Hand'!E:E,'On Hand'!A:A=A53)),ifna(xlookup(A53,'On Hand'!A:A,'On Hand'!E:E,),)))"),"")
A54: {=ifna(_xlfn.xlookup(B54,'All Item Code'!B:B,'All Item Code'!A:A,),)} | C54: {=if(B54="Tidak Ada",,if(isblank(B54),,ifna(sumif('On Hand'!A:A,A54,'On Hand'!D:D)&" "&_xlfn.xlookup(A54,'All Item Code'!A:A,'All Item Code'!D:D,),0)))} | D54: =IFERROR(__xludf.DUMMYFUNCTION("if(isblank(B54),,ifna(textjoin(""; "",,filter('On Hand'!E:E,'On Hand'!A:A=A54)),ifna(xlookup(A54,'On Hand'!A:A,'On Hand'!E:E,),)))"),"")
A55: {=ifna(_xlfn.xlookup(B55,'All Item Code'!B:B,'All Item Code'!A:A,),)} | C55: {=if(B55="Tidak Ada",,if(isblank(B55),,ifna(sumif('On Hand'!A:A,A55,'On Hand'!D:D)&" "&_xlfn.xlookup(A55,'All Item Code'!A:A,'All Item Code'!D:D,),0)))} | D55: =IFERROR(__xludf.DUMMYFUNCTION("if(isblank(B55),,ifna(textjoin(""; "",,filter('On Hand'!E:E,'On Hand'!A:A=A55)),ifna(xlookup(A55,'On Hand'!A:A,'On Hand'!E:E,),)))"),"")
A56: {=ifna(_xlfn.xlookup(B56,'All Item Code'!B:B,'All Item Code'!A:A,),)} | C56: {=if(B56="Tidak Ada",,if(isblank(B56),,ifna(sumif('On Hand'!A:A,A56,'On Hand'!D:D)&" "&_xlfn.xlookup(A56,'All Item Code'!A:A,'All Item Code'!D:D,),0)))} | D56: =IFERROR(__xludf.DUMMYFUNCTION("if(isblank(B56),,ifna(textjoin(""; "",,filter('On Hand'!E:E,'On Hand'!A:A=A56)),ifna(xlookup(A56,'On Hand'!A:A,'On Hand'!E:E,),)))"),"")
A57: {=ifna(_xlfn.xlookup(B57,'All Item Code'!B:B,'All Item Code'!A:A,),)} | C57: {=if(B57="Tidak Ada",,if(isblank(B57),,ifna(sumif('On Hand'!A:A,A57,'On Hand'!D:D)&" "&_xlfn.xlookup(A57,'All Item Code'!A:A,'All Item Code'!D:D,),0)))} | D57: =IFERROR(__xludf.DUMMYFUNCTION("if(isblank(B57),,ifna(textjoin(""; "",,filter('On Hand'!E:E,'On Hand'!A:A=A57)),ifna(xlookup(A57,'On Hand'!A:A,'On Hand'!E:E,),)))"),"")
A58: {=ifna(_xlfn.xlookup(B58,'All Item Code'!B:B,'All Item Code'!A:A,),)} | C58: {=if(B58="Tidak Ada",,if(isblank(B58),,ifna(sumif('On Hand'!A:A,A58,'On Hand'!D:D)&" "&_xlfn.xlookup(A58,'All Item Code'!A:A,'All Item Code'!D:D,),0)))} | D58: =IFERROR(__xludf.DUMMYFUNCTION("if(isblank(B58),,ifna(textjoin(""; "",,filter('On Hand'!E:E,'On Hand'!A:A=A58)),ifna(xlookup(A58,'On Hand'!A:A,'On Hand'!E:E,),)))"),"")
A59: {=ifna(_xlfn.xlookup(B59,'All Item Code'!B:B,'All Item Code'!A:A,),)} | C59: {=if(B59="Tidak Ada",,if(isblank(B59),,ifna(sumif('On Hand'!A:A,A59,'On Hand'!D:D)&" "&_xlfn.xlookup(A59,'All Item Code'!A:A,'All Item Code'!D:D,),0)))} | D59: =IFERROR(__xludf.DUMMYFUNCTION("if(isblank(B59),,ifna(textjoin(""; "",,filter('On Hand'!E:E,'On Hand'!A:A=A59)),ifna(xlookup(A59,'On Hand'!A:A,'On Hand'!E:E,),)))"),"")
A60: {=ifna(_xlfn.xlookup(B60,'All Item Code'!B:B,'All Item Code'!A:A,),)} | C60: {=if(B60="Tidak Ada",,if(isblank(B60),,ifna(sumif('On Hand'!A:A,A60,'On Hand'!D:D)&" "&_xlfn.xlookup(A60,'All Item Code'!A:A,'All Item Code'!D:D,),0)))} | D60: =IFERROR(__xludf.DUMMYFUNCTION("if(isblank(B60),,ifna(textjoin(""; "",,filter('On Hand'!E:E,'On Hand'!A:A=A60)),ifna(xlookup(A60,'On Hand'!A:A,'On Hand'!E:E,),)))"),"")
A61: {=ifna(_xlfn.xlookup(B61,'All Item Code'!B:B,'All Item Code'!A:A,),)} | C61: {=if(B61="Tidak Ada",,if(isblank(B61),,ifna(sumif('On Hand'!A:A,A61,'On Hand'!D:D)&" "&_xlfn.xlookup(A61,'All Item Code'!A:A,'All Item Code'!D:D,),0)))} | D61: =IFERROR(__xludf.DUMMYFUNCTION("if(isblank(B61),,ifna(textjoin(""; "",,filter('On Hand'!E:E,'On Hand'!A:A=A61)),ifna(xlookup(A61,'On Hand'!A:A,'On Hand'!E:E,),)))"),"")
A62: {=ifna(_xlfn.xlookup(B62,'All Item Code'!B:B,'All Item Code'!A:A,),)} | C62: {=if(B62="Tidak Ada",,if(isblank(B62),,ifna(sumif('On Hand'!A:A,A62,'On Hand'!D:D)&" "&_xlfn.xlookup(A62,'All Item Code'!A:A,'All Item Code'!D:D,),0)))} | D62: =IFERROR(__xludf.DUMMYFUNCTION("if(isblank(B62),,ifna(textjoin(""; "",,filter('On Hand'!E:E,'On Hand'!A:A=A62)),ifna(xlookup(A62,'On Hand'!A:A,'On Hand'!E:E,),)))"),"")
A63: {=ifna(_xlfn.xlookup(B63,'All Item Code'!B:B,'All Item Code'!A:A,),)} | C63: {=if(B63="Tidak Ada",,if(isblank(B63),,ifna(sumif('On Hand'!A:A,A63,'On Hand'!D:D)&" "&_xlfn.xlookup(A63,'All Item Code'!A:A,'All Item Code'!D:D,),0)))} | D63: =IFERROR(__xludf.DUMMYFUNCTION("if(isblank(B63),,ifna(textjoin(""; "",,filter('On Hand'!E:E,'On Hand'!A:A=A63)),ifna(xlookup(A63,'On Hand'!A:A,'On Hand'!E:E,),)))"),"")
A64: {=ifna(_xlfn.xlookup(B64,'All Item Code'!B:B,'All Item Code'!A:A,),)} | C64: {=if(B64="Tidak Ada",,if(isblank(B64),,ifna(sumif('On Hand'!A:A,A64,'On Hand'!D:D)&" "&_xlfn.xlookup(A64,'All Item Code'!A:A,'All Item Code'!D:D,),0)))} | D64: =IFERROR(__xludf.DUMMYFUNCTION("if(isblank(B64),,ifna(textjoin(""; "",,filter('On Hand'!E:E,'On Hand'!A:A=A64)),ifna(xlookup(A64,'On Hand'!A:A,'On Hand'!E:E,),)))"),"")
A65: {=ifna(_xlfn.xlookup(B65,'All Item Code'!B:B,'All Item Code'!A:A,),)} | C65: {=if(B65="Tidak Ada",,if(isblank(B65),,ifna(sumif('On Hand'!A:A,A65,'On Hand'!D:D)&" "&_xlfn.xlookup(A65,'All Item Code'!A:A,'All Item Code'!D:D,),0)))} | D65: =IFERROR(__xludf.DUMMYFUNCTION("if(isblank(B65),,ifna(textjoin(""; "",,filter('On Hand'!E:E,'On Hand'!A:A=A65)),ifna(xlookup(A65,'On Hand'!A:A,'On Hand'!E:E,),)))"),"")
A66: {=ifna(_xlfn.xlookup(B66,'All Item Code'!B:B,'All Item Code'!A:A,),)} | C66: {=if(B66="Tidak Ada",,if(isblank(B66),,ifna(sumif('On Hand'!A:A,A66,'On Hand'!D:D)&" "&_xlfn.xlookup(A66,'All Item Code'!A:A,'All Item Code'!D:D,),0)))} | D66: =IFERROR(__xludf.DUMMYFUNCTION("if(isblank(B66),,ifna(textjoin(""; "",,filter('On Hand'!E:E,'On Hand'!A:A=A66)),ifna(xlookup(A66,'On Hand'!A:A,'On Hand'!E:E,),)))"),"")
A67: {=ifna(_xlfn.xlookup(B67,'All Item Code'!B:B,'All Item Code'!A:A,),)} | C67: {=if(B67="Tidak Ada",,if(isblank(B67),,ifna(sumif('On Hand'!A:A,A67,'On Hand'!D:D)&" "&_xlfn.xlookup(A67,'All Item Code'!A:A,'All Item Code'!D:D,),0)))} | D67: =IFERROR(__xludf.DUMMYFUNCTION("if(isblank(B67),,ifna(textjoin(""; "",,filter('On Hand'!E:E,'On Hand'!A:A=A67)),ifna(xlookup(A67,'On Hand'!A:A,'On Hand'!E:E,),)))"),"")
A68: {=ifna(_xlfn.xlookup(B68,'All Item Code'!B:B,'All Item Code'!A:A,),)} | C68: {=if(B68="Tidak Ada",,if(isblank(B68),,ifna(sumif('On Hand'!A:A,A68,'On Hand'!D:D)&" "&_xlfn.xlookup(A68,'All Item Code'!A:A,'All Item Code'!D:D,),0)))} | D68: =IFERROR(__xludf.DUMMYFUNCTION("if(isblank(B68),,ifna(textjoin(""; "",,filter('On Hand'!E:E,'On Hand'!A:A=A68)),ifna(xlookup(A68,'On Hand'!A:A,'On Hand'!E:E,),)))"),"")
A69: {=ifna(_xlfn.xlookup(B69,'All Item Code'!B:B,'All Item Code'!A:A,),)} | C69: {=if(B69="Tidak Ada",,if(isblank(B69),,ifna(sumif('On Hand'!A:A,A69,'On Hand'!D:D)&" "&_xlfn.xlookup(A69,'All Item Code'!A:A,'All Item Code'!D:D,),0)))} | D69: =IFERROR(__xludf.DUMMYFUNCTION("if(isblank(B69),,ifna(textjoin(""; "",,filter('On Hand'!E:E,'On Hand'!A:A=A69)),ifna(xlookup(A69,'On Hand'!A:A,'On Hand'!E:E,),)))"),"")
A70: {=ifna(_xlfn.xlookup(B70,'All Item Code'!B:B,'All Item Code'!A:A,),)} | C70: {=if(B70="Tidak Ada",,if(isblank(B70),,ifna(sumif('On Hand'!A:A,A70,'On Hand'!D:D)&" "&_xlfn.xlookup(A70,'All Item Code'!A:A,'All Item Code'!D:D,),0)))} | D70: =IFERROR(__xludf.DUMMYFUNCTION("if(isblank(B70),,ifna(textjoin(""; "",,filter('On Hand'!E:E,'On Hand'!A:A=A70)),ifna(xlookup(A70,'On Hand'!A:A,'On Hand'!E:E,),)))"),"")
A71: {=ifna(_xlfn.xlookup(B71,'All Item Code'!B:B,'All Item Code'!A:A,),)} | C71: {=if(B71="Tidak Ada",,if(isblank(B71),,ifna(sumif('On Hand'!A:A,A71,'On Hand'!D:D)&" "&_xlfn.xlookup(A71,'All Item Code'!A:A,'All Item Code'!D:D,),0)))} | D71: =IFERROR(__xludf.DUMMYFUNCTION("if(isblank(B71),,ifna(textjoin(""; "",,filter('On Hand'!E:E,'On Hand'!A:A=A71)),ifna(xlookup(A71,'On Hand'!A:A,'On Hand'!E:E,),)))"),"")
A72: {=ifna(_xlfn.xlookup(B72,'All Item Code'!B:B,'All Item Code'!A:A,),)} | C72: {=if(B72="Tidak Ada",,if(isblank(B72),,ifna(sumif('On Hand'!A:A,A72,'On Hand'!D:D)&" "&_xlfn.xlookup(A72,'All Item Code'!A:A,'All Item Code'!D:D,),0)))} | D72: =IFERROR(__xludf.DUMMYFUNCTION("if(isblank(B72),,ifna(textjoin(""; "",,filter('On Hand'!E:E,'On Hand'!A:A=A72)),ifna(xlookup(A72,'On Hand'!A:A,'On Hand'!E:E,),)))"),"")
A73: {=ifna(_xlfn.xlookup(B73,'All Item Code'!B:B,'All Item Code'!A:A,),)} | C73: {=if(B73="Tidak Ada",,if(isblank(B73),,ifna(sumif('On Hand'!A:A,A73,'On Hand'!D:D)&" "&_xlfn.xlookup(A73,'All Item Code'!A:A,'All Item Code'!D:D,),0)))} | D73: =IFERROR(__xludf.DUMMYFUNCTION("if(isblank(B73),,ifna(textjoin(""; "",,filter('On Hand'!E:E,'On Hand'!A:A=A73)),ifna(xlookup(A73,'On Hand'!A:A,'On Hand'!E:E,),)))"),"")
A74: {=ifna(_xlfn.xlookup(B74,'All Item Code'!B:B,'All Item Code'!A:A,),)} | C74: {=if(B74="Tidak Ada",,if(isblank(B74),,ifna(sumif('On Hand'!A:A,A74,'On Hand'!D:D)&" "&_xlfn.xlookup(A74,'All Item Code'!A:A,'All Item Code'!D:D,),0)))} | D74: =IFERROR(__xludf.DUMMYFUNCTION("if(isblank(B74),,ifna(textjoin(""; "",,filter('On Hand'!E:E,'On Hand'!A:A=A74)),ifna(xlookup(A74,'On Hand'!A:A,'On Hand'!E:E,),)))"),"")
A75: {=ifna(_xlfn.xlookup(B75,'All Item Code'!B:B,'All Item Code'!A:A,),)} | C75: {=if(B75="Tidak Ada",,if(isblank(B75),,ifna(sumif('On Hand'!A:A,A75,'On Hand'!D:D)&" "&_xlfn.xlookup(A75,'All Item Code'!A:A,'All Item Code'!D:D,),0)))} | D75: =IFERROR(__xludf.DUMMYFUNCTION("if(isblank(B75),,ifna(textjoin(""; "",,filter('On Hand'!E:E,'On Hand'!A:A=A75)),ifna(xlookup(A75,'On Hand'!A:A,'On Hand'!E:E,),)))"),"")
A76: {=ifna(_xlfn.xlookup(B76,'All Item Code'!B:B,'All Item Code'!A:A,),)} | C76: {=if(B76="Tidak Ada",,if(isblank(B76),,ifna(sumif('On Hand'!A:A,A76,'On Hand'!D:D)&" "&_xlfn.xlookup(A76,'All Item Code'!A:A,'All Item Code'!D:D,),0)))} | D76: =IFERROR(__xludf.DUMMYFUNCTION("if(isblank(B76),,ifna(textjoin(""; "",,filter('On Hand'!E:E,'On Hand'!A:A=A76)),ifna(xlookup(A76,'On Hand'!A:A,'On Hand'!E:E,),)))"),"")
A77: {=ifna(_xlfn.xlookup(B77,'All Item Code'!B:B,'All Item Code'!A:A,),)} | C77: {=if(B77="Tidak Ada",,if(isblank(B77),,ifna(sumif('On Hand'!A:A,A77,'On Hand'!D:D)&" "&_xlfn.xlookup(A77,'All Item Code'!A:A,'All Item Code'!D:D,),0)))} | D77: =IFERROR(__xludf.DUMMYFUNCTION("if(isblank(B77),,ifna(textjoin(""; "",,filter('On Hand'!E:E,'On Hand'!A:A=A77)),ifna(xlookup(A77,'On Hand'!A:A,'On Hand'!E:E,),)))"),"")
A78: {=ifna(_xlfn.xlookup(B78,'All Item Code'!B:B,'All Item Code'!A:A,),)} | C78: {=if(B78="Tidak Ada",,if(isblank(B78),,ifna(sumif('On Hand'!A:A,A78,'On Hand'!D:D)&" "&_xlfn.xlookup(A78,'All Item Code'!A:A,'All Item Code'!D:D,),0)))} | D78: =IFERROR(__xludf.DUMMYFUNCTION("if(isblank(B78),,ifna(textjoin(""; "",,filter('On Hand'!E:E,'On Hand'!A:A=A78)),ifna(xlookup(A78,'On Hand'!A:A,'On Hand'!E:E,),)))"),"")
A79: {=ifna(_xlfn.xlookup(B79,'All Item Code'!B:B,'All Item Code'!A:A,),)} | C79: {=if(B79="Tidak Ada",,if(isblank(B79),,ifna(sumif('On Hand'!A:A,A79,'On Hand'!D:D)&" "&_xlfn.xlookup(A79,'All Item Code'!A:A,'All Item Code'!D:D,),0)))} | D79: =IFERROR(__xludf.DUMMYFUNCTION("if(isblank(B79),,ifna(textjoin(""; "",,filter('On Hand'!E:E,'On Hand'!A:A=A79)),ifna(xlookup(A79,'On Hand'!A:A,'On Hand'!E:E,),)))"),"")
A80: {=ifna(_xlfn.xlookup(B80,'All Item Code'!B:B,'All Item Code'!A:A,),)} | C80: {=if(B80="Tidak Ada",,if(isblank(B80),,ifna(sumif('On Hand'!A:A,A80,'On Hand'!D:D)&" "&_xlfn.xlookup(A80,'All Item Code'!A:A,'All Item Code'!D:D,),0)))} | D80: =IFERROR(__xludf.DUMMYFUNCTION("if(isblank(B80),,ifna(textjoin(""; "",,filter('On Hand'!E:E,'On Hand'!A:A=A80)),ifna(xlookup(A80,'On Hand'!A:A,'On Hand'!E:E,),)))"),"")
A81: {=ifna(_xlfn.xlookup(B81,'All Item Code'!B:B,'All Item Code'!A:A,),)} | C81: {=if(B81="Tidak Ada",,if(isblank(B81),,ifna(sumif('On Hand'!A:A,A81,'On Hand'!D:D)&" "&_xlfn.xlookup(A81,'All Item Code'!A:A,'All Item Code'!D:D,),0)))} | D81: =IFERROR(__xludf.DUMMYFUNCTION("if(isblank(B81),,ifna(textjoin(""; "",,filter('On Hand'!E:E,'On Hand'!A:A=A81)),ifna(xlookup(A81,'On Hand'!A:A,'On Hand'!E:E,),)))"),"")
A82: {=ifna(_xlfn.xlookup(B82,'All Item Code'!B:B,'All Item Code'!A:A,),)} | C82: {=if(B82="Tidak Ada",,if(isblank(B82),,ifna(sumif('On Hand'!A:A,A82,'On Hand'!D:D)&" "&_xlfn.xlookup(A82,'All Item Code'!A:A,'All Item Code'!D:D,),0)))} | D82: =IFERROR(__xludf.DUMMYFUNCTION("if(isblank(B82),,ifna(textjoin(""; "",,filter('On Hand'!E:E,'On Hand'!A:A=A82)),ifna(xlookup(A82,'On Hand'!A:A,'On Hand'!E:E,),)))"),"")
A83: {=ifna(_xlfn.xlookup(B83,'All Item Code'!B:B,'All Item Code'!A:A,),)} | C83: {=if(B83="Tidak Ada",,if(isblank(B83),,ifna(sumif('On Hand'!A:A,A83,'On Hand'!D:D)&" "&_xlfn.xlookup(A83,'All Item Code'!A:A,'All Item Code'!D:D,),0)))} | D83: =IFERROR(__xludf.DUMMYFUNCTION("if(isblank(B83),,ifna(textjoin(""; "",,filter('On Hand'!E:E,'On Hand'!A:A=A83)),ifna(xlookup(A83,'On Hand'!A:A,'On Hand'!E:E,),)))"),"")
A84: {=ifna(_xlfn.xlookup(B84,'All Item Code'!B:B,'All Item Code'!A:A,),)} | C84: {=if(B84="Tidak Ada",,if(isblank(B84),,ifna(sumif('On Hand'!A:A,A84,'On Hand'!D:D)&" "&_xlfn.xlookup(A84,'All Item Code'!A:A,'All Item Code'!D:D,),0)))} | D84: =IFERROR(__xludf.DUMMYFUNCTION("if(isblank(B84),,ifna(textjoin(""; "",,filter('On Hand'!E:E,'On Hand'!A:A=A84)),ifna(xlookup(A84,'On Hand'!A:A,'On Hand'!E:E,),)))"),"")
A85: {=ifna(_xlfn.xlookup(B85,'All Item Code'!B:B,'All Item Code'!A:A,),)} | C85: {=if(B85="Tidak Ada",,if(isblank(B85),,ifna(sumif('On Hand'!A:A,A85,'On Hand'!D:D)&" "&_xlfn.xlookup(A85,'All Item Code'!A:A,'All Item Code'!D:D,),0)))} | D85: =IFERROR(__xludf.DUMMYFUNCTION("if(isblank(B85),,ifna(textjoin(""; "",,filter('On Hand'!E:E,'On Hand'!A:A=A85)),ifna(xlookup(A85,'On Hand'!A:A,'On Hand'!E:E,),)))"),"")
A86: {=ifna(_xlfn.xlookup(B86,'All Item Code'!B:B,'All Item Code'!A:A,),)} | C86: {=if(B86="Tidak Ada",,if(isblank(B86),,ifna(sumif('On Hand'!A:A,A86,'On Hand'!D:D)&" "&_xlfn.xlookup(A86,'All Item Code'!A:A,'All Item Code'!D:D,),0)))} | D86: =IFERROR(__xludf.DUMMYFUNCTION("if(isblank(B86),,ifna(textjoin(""; "",,filter('On Hand'!E:E,'On Hand'!A:A=A86)),ifna(xlookup(A86,'On Hand'!A:A,'On Hand'!E:E,),)))"),"")
A87: {=ifna(_xlfn.xlookup(B87,'All Item Code'!B:B,'All Item Code'!A:A,),)} | C87: {=if(B87="Tidak Ada",,if(isblank(B87),,ifna(sumif('On Hand'!A:A,A87,'On Hand'!D:D)&" "&_xlfn.xlookup(A87,'All Item Code'!A:A,'All Item Code'!D:D,),0)))} | D87: =IFERROR(__xludf.DUMMYFUNCTION("if(isblank(B87),,ifna(textjoin(""; "",,filter('On Hand'!E:E,'On Hand'!A:A=A87)),ifna(xlookup(A87,'On Hand'!A:A,'On Hand'!E:E,),)))"),"")
A88: {=ifna(_xlfn.xlookup(B88,'All Item Code'!B:B,'All Item Code'!A:A,),)} | C88: {=if(B88="Tidak Ada",,if(isblank(B88),,ifna(sumif('On Hand'!A:A,A88,'On Hand'!D:D)&" "&_xlfn.xlookup(A88,'All Item Code'!A:A,'All Item Code'!D:D,),0)))} | D88: =IFERROR(__xludf.DUMMYFUNCTION("if(isblank(B88),,ifna(textjoin(""; "",,filter('On Hand'!E:E,'On Hand'!A:A=A88)),ifna(xlookup(A88,'On Hand'!A:A,'On Hand'!E:E,),)))"),"")
A89: {=ifna(_xlfn.xlookup(B89,'All Item Code'!B:B,'All Item Code'!A:A,),)} | C89: {=if(B89="Tidak Ada",,if(isblank(B89),,ifna(sumif('On Hand'!A:A,A89,'On Hand'!D:D)&" "&_xlfn.xlookup(A89,'All Item Code'!A:A,'All Item Code'!D:D,),0)))} | D89: =IFERROR(__xludf.DUMMYFUNCTION("if(isblank(B89),,ifna(textjoin(""; "",,filter('On Hand'!E:E,'On Hand'!A:A=A89)),ifna(xlookup(A89,'On Hand'!A:A,'On Hand'!E:E,),)))"),"")
A90: {=ifna(_xlfn.xlookup(B90,'All Item Code'!B:B,'All Item Code'!A:A,),)} | C90: {=if(B90="Tidak Ada",,if(isblank(B90),,ifna(sumif('On Hand'!A:A,A90,'On Hand'!D:D)&" "&_xlfn.xlookup(A90,'All Item Code'!A:A,'All Item Code'!D:D,),0)))} | D90: =IFERROR(__xludf.DUMMYFUNCTION("if(isblank(B90),,ifna(textjoin(""; "",,filter('On Hand'!E:E,'On Hand'!A:A=A90)),ifna(xlookup(A90,'On Hand'!A:A,'On Hand'!E:E,),)))"),"")
A91: {=ifna(_xlfn.xlookup(B91,'All Item Code'!B:B,'All Item Code'!A:A,),)} | C91: {=if(B91="Tidak Ada",,if(isblank(B91),,ifna(sumif('On Hand'!A:A,A91,'On Hand'!D:D)&" "&_xlfn.xlookup(A91,'All Item Code'!A:A,'All Item Code'!D:D,),0)))} | D91: =IFERROR(__xludf.DUMMYFUNCTION("if(isblank(B91),,ifna(textjoin(""; "",,filter('On Hand'!E:E,'On Hand'!A:A=A91)),ifna(xlookup(A91,'On Hand'!A:A,'On Hand'!E:E,),)))"),"")
A92: {=ifna(_xlfn.xlookup(B92,'All Item Code'!B:B,'All Item Code'!A:A,),)} | C92: {=if(B92="Tidak Ada",,if(isblank(B92),,ifna(sumif('On Hand'!A:A,A92,'On Hand'!D:D)&" "&_xlfn.xlookup(A92,'All Item Code'!A:A,'All Item Code'!D:D,),0)))} | D92: =IFERROR(__xludf.DUMMYFUNCTION("if(isblank(B92),,ifna(textjoin(""; "",,filter('On Hand'!E:E,'On Hand'!A:A=A92)),ifna(xlookup(A92,'On Hand'!A:A,'On Hand'!E:E,),)))"),"")
A93: {=ifna(_xlfn.xlookup(B93,'All Item Code'!B:B,'All Item Code'!A:A,),)} | C93: {=if(B93="Tidak Ada",,if(isblank(B93),,ifna(sumif('On Hand'!A:A,A93,'On Hand'!D:D)&" "&_xlfn.xlookup(A93,'All Item Code'!A:A,'All Item Code'!D:D,),0)))} | D93: =IFERROR(__xludf.DUMMYFUNCTION("if(isblank(B93),,ifna(textjoin(""; "",,filter('On Hand'!E:E,'On Hand'!A:A=A93)),ifna(xlookup(A93,'On Hand'!A:A,'On Hand'!E:E,),)))"),"")
A94: {=ifna(_xlfn.xlookup(B94,'All Item Code'!B:B,'All Item Code'!A:A,),)} | C94: {=if(B94="Tidak Ada",,if(isblank(B94),,ifna(sumif('On Hand'!A:A,A94,'On Hand'!D:D)&" "&_xlfn.xlookup(A94,'All Item Code'!A:A,'All Item Code'!D:D,),0)))} | D94: =IFERROR(__xludf.DUMMYFUNCTION("if(isblank(B94),,ifna(textjoin(""; "",,filter('On Hand'!E:E,'On Hand'!A:A=A94)),ifna(xlookup(A94,'On Hand'!A:A,'On Hand'!E:E,),)))"),"")
A95: {=ifna(_xlfn.xlookup(B95,'All Item Code'!B:B,'All Item Code'!A:A,),)} | C95: {=if(B95="Tidak Ada",,if(isblank(B95),,ifna(sumif('On Hand'!A:A,A95,'On Hand'!D:D)&" "&_xlfn.xlookup(A95,'All Item Code'!A:A,'All Item Code'!D:D,),0)))} | D95: =IFERROR(__xludf.DUMMYFUNCTION("if(isblank(B95),,ifna(textjoin(""; "",,filter('On Hand'!E:E,'On Hand'!A:A=A95)),ifna(xlookup(A95,'On Hand'!A:A,'On Hand'!E:E,),)))"),"")
A96: {=ifna(_xlfn.xlookup(B96,'All Item Code'!B:B,'All Item Code'!A:A,),)} | C96: {=if(B96="Tidak Ada",,if(isblank(B96),,ifna(sumif('On Hand'!A:A,A96,'On Hand'!D:D)&" "&_xlfn.xlookup(A96,'All Item Code'!A:A,'All Item Code'!D:D,),0)))} | D96: =IFERROR(__xludf.DUMMYFUNCTION("if(isblank(B96),,ifna(textjoin(""; "",,filter('On Hand'!E:E,'On Hand'!A:A=A96)),ifna(xlookup(A96,'On Hand'!A:A,'On Hand'!E:E,),)))"),"")
A97: {=ifna(_xlfn.xlookup(B97,'All Item Code'!B:B,'All Item Code'!A:A,),)} | C97: {=if(B97="Tidak Ada",,if(isblank(B97),,ifna(sumif('On Hand'!A:A,A97,'On Hand'!D:D)&" "&_xlfn.xlookup(A97,'All Item Code'!A:A,'All Item Code'!D:D,),0)))} | D97: =IFERROR(__xludf.DUMMYFUNCTION("if(isblank(B97),,ifna(textjoin(""; "",,filter('On Hand'!E:E,'On Hand'!A:A=A97)),ifna(xlookup(A97,'On Hand'!A:A,'On Hand'!E:E,),)))"),"")
A98: {=ifna(_xlfn.xlookup(B98,'All Item Code'!B:B,'All Item Code'!A:A,),)} | C98: {=if(B98="Tidak Ada",,if(isblank(B98),,ifna(sumif('On Hand'!A:A,A98,'On Hand'!D:D)&" "&_xlfn.xlookup(A98,'All Item Code'!A:A,'All Item Code'!D:D,),0)))} | D98: =IFERROR(__xludf.DUMMYFUNCTION("if(isblank(B98),,ifna(textjoin(""; "",,filter('On Hand'!E:E,'On Hand'!A:A=A98)),ifna(xlookup(A98,'On Hand'!A:A,'On Hand'!E:E,),)))"),"")
A99: {=ifna(_xlfn.xlookup(B99,'All Item Code'!B:B,'All Item Code'!A:A,),)} | C99: {=if(B99="Tidak Ada",,if(isblank(B99),,ifna(sumif('On Hand'!A:A,A99,'On Hand'!D:D)&" "&_xlfn.xlookup(A99,'All Item Code'!A:A,'All Item Code'!D:D,),0)))} | D99: =IFERROR(__xludf.DUMMYFUNCTION("if(isblank(B99),,ifna(textjoin(""; "",,filter('On Hand'!E:E,'On Hand'!A:A=A99)),ifna(xlookup(A99,'On Hand'!A:A,'On Hand'!E:E,),)))"),"")
A100: {=ifna(_xlfn.xlookup(B100,'All Item Code'!B:B,'All Item Code'!A:A,),)} | C100: {=if(B100="Tidak Ada",,if(isblank(B100),,ifna(sumif('On Hand'!A:A,A100,'On Hand'!D:D)&" "&_xlfn.xlookup(A100,'All Item Code'!A:A,'All Item Code'!D:D,),0)))} | D100: =IFERROR(__xludf.DUMMYFUNCTION("if(isblank(B100),,ifna(textjoin(""; "",,filter('On Hand'!E:E,'On Hand'!A:A=A100)),ifna(xlookup(A100,'On Hand'!A:A,'On Hand'!E:E,),)))"),"")
...

Sheet All Item Code
A1: =IFERROR(__xludf.DUMMYFUNCTION("importrange(""1ZTUXhF0dnt45v0vHwLa1Fr56SKO64eHyOYXGurqHipk"",""Sheet1!A2:C"")"),"J-10205-02") -> J-10205-02 | B1: =IFERROR(__xludf.DUMMYFUNCTION("""COMPUTED_VALUE"""),"Chlorine Test; Merck; c/n 1.14978.0001; 600 tests/pack") -> Chlorine Test; Merck; c/n 1.14978.0001; 600 tests/pack | C1: =IFERROR(__xludf.DUMMYFUNCTION("""COMPUTED_VALUE"""),"J-10205-02") -> J-10205-02 | D1: =if(isna(vlookup(C1,'On Hand'!A:C,3,0)),"",vlookup(C1,'On Hand'!A:C,3,0))
A2: =IFERROR(__xludf.DUMMYFUNCTION("""COMPUTED_VALUE"""),"O-11109-00") -> O-11109-00 | B2: =IFERROR(__xludf.DUMMYFUNCTION("""COMPUTED_VALUE"""),"Bearing 6002-2RSH") -> Bearing 6002-2RSH | C2: =IFERROR(__xludf.DUMMYFUNCTION("""COMPUTED_VALUE"""),"O-11109-00") -> O-11109-00 | D2: =if(isna(vlookup(C2,'On Hand'!A:C,3,0)),"",vlookup(C2,'On Hand'!A:C,3,0)) -> pc
A3: =IFERROR(__xludf.DUMMYFUNCTION("""COMPUTED_VALUE"""),"O-11145-00") -> O-11145-00 | B3: =IFERROR(__xludf.DUMMYFUNCTION("""COMPUTED_VALUE"""),"Bearing 6201 2Z") -> Bearing 6201 2Z | C3: =IFERROR(__xludf.DUMMYFUNCTION("""COMPUTED_VALUE"""),"O-11145-00") -> O-11145-00 | D3: =if(isna(vlookup(C3,'On Hand'!A:C,3,0)),"",vlookup(C3,'On Hand'!A:C,3,0)) -> pc
A4: =IFERROR(__xludf.DUMMYFUNCTION("""COMPUTED_VALUE"""),"O-11149-00") -> O-11149-00 | B4: =IFERROR(__xludf.DUMMYFUNCTION("""COMPUTED_VALUE"""),"Bearing 6202 ZZ - P/N : - pc") -> Bearing 6202 ZZ - P/N : - pc | C4: =IFERROR(__xludf.DUMMYFUNCTION("""COMPUTED_VALUE"""),"O-11149-00") -> O-11149-00 | D4: =if(isna(vlookup(C4,'On Hand'!A:C,3,0)),"",vlookup(C4,'On Hand'!A:C,3,0)) -> pc
A5: =IFERROR(__xludf.DUMMYFUNCTION("""COMPUTED_VALUE"""),"O-11154-00") -> O-11154-00 | B5: =IFERROR(__xludf.DUMMYFUNCTION("""COMPUTED_VALUE"""),"Bearing 6204 2Z SKF") -> Bearing 6204 2Z SKF | C5: =IFERROR(__xludf.DUMMYFUNCTION("""COMPUTED_VALUE"""),"O-11154-00") -> O-11154-00 | D5: =if(isna(vlookup(C5,'On Hand'!A:C,3,0)),"",vlookup(C5,'On Hand'!A:C,3,0)) -> pc
A6: =IFERROR(__xludf.DUMMYFUNCTION("""COMPUTED_VALUE"""),"O-11162-00") -> O-11162-00 | B6: =IFERROR(__xludf.DUMMYFUNCTION("""COMPUTED_VALUE"""),"Bearing 6205 ZZ") -> Bearing 6205 ZZ | C6: =IFERROR(__xludf.DUMMYFUNCTION("""COMPUTED_VALUE"""),"O-11162-00") -> O-11162-00 | D6: =if(isna(vlookup(C6,'On Hand'!A:C,3,0)),"",vlookup(C6,'On Hand'!A:C,3,0)) -> pc
A7: =IFERROR(__xludf.DUMMYFUNCTION("""COMPUTED_VALUE"""),"O-11166-00") -> O-11166-00 | B7: =IFERROR(__xludf.DUMMYFUNCTION("""COMPUTED_VALUE"""),"Bearing 6206 ZZ") -> Bearing 6206 ZZ | C7: =IFERROR(__xludf.DUMMYFUNCTION("""COMPUTED_VALUE"""),"O-11166-00") -> O-11166-00 | D7: =if(isna(vlookup(C7,'On Hand'!A:C,3,0)),"",vlookup(C7,'On Hand'!A:C,3,0)) -> pc
A8: =IFERROR(__xludf.DUMMYFUNCTION("""COMPUTED_VALUE"""),"O-11169-00") -> O-11169-00 | B8: =IFERROR(__xludf.DUMMYFUNCTION("""COMPUTED_VALUE"""),"Bearing 6207ZZ") -> Bearing 6207ZZ | C8: =IFERROR(__xludf.DUMMYFUNCTION("""COMPUTED_VALUE"""),"O-11169-00") -> O-11169-00 | D8: =if(isna(vlookup(C8,'On Hand'!A:C,3,0)),"",vlookup(C8,'On Hand'!A:C,3,0)) -> pc
A9: =IFERROR(__xludf.DUMMYFUNCTION("""COMPUTED_VALUE"""),"O-11173-00") -> O-11173-00 | B9: =IFERROR(__xludf.DUMMYFUNCTION("""COMPUTED_VALUE"""),"Bearing 6208 SKF") -> Bearing 6208 SKF | C9: =IFERROR(__xludf.DUMMYFUNCTION("""COMPUTED_VALUE"""),"O-11173-00") -> O-11173-00 | D9: =if(isna(vlookup(C9,'On Hand'!A:C,3,0)),"",vlookup(C9,'On Hand'!A:C,3,0)) -> pc
A10: =IFERROR(__xludf.DUMMYFUNCTION("""COMPUTED_VALUE"""),"O-11181-00") -> O-11181-00 | B10: =IFERROR(__xludf.DUMMYFUNCTION("""COMPUTED_VALUE"""),"Bearing 626-2Z") -> Bearing 626-2Z | C10: =IFERROR(__xludf.DUMMYFUNCTION("""COMPUTED_VALUE"""),"O-11181-00") -> O-11181-00 | D10: =if(isna(vlookup(C10,'On Hand'!A:C,3,0)),"",vlookup(C10,'On Hand'!A:C,3,0)) -> pc
A11: =IFERROR(__xludf.DUMMYFUNCTION("""COMPUTED_VALUE"""),"O-11287-00") -> O-11287-00 | B11: =IFERROR(__xludf.DUMMYFUNCTION("""COMPUTED_VALUE"""),"IMA F200 Filling Machine - Pall Mini Kleenpak Capsules with Supor EKV Membrane, Filter Capsule 4,1""/0,2 um/0,02 m2/Hydrophilic PVDF/code2/0,25-0,5"" hose barb; Pall; KA02DFLP8G; 1 pcs") -> IMA F200 Filling Machine - Pall Mini Kleenpak Capsules with Supor EKV Membrane, Filter Capsule 4,1"/0,2 um/0,02 m2/Hydrophilic PVDF/code2/0,25-0,5" hose barb; Pall; KA02DFLP8G; 1 pcs | C11: =IFERROR(__xludf.DUMMYFUNCTION("""COMPUTED_VALUE"""),"O-11287-00") -> O-11287-00 | D11: =if(isna(vlookup(C11,'On Hand'!A:C,3,0)),"",vlookup(C11,'On Hand'!A:C,3,0))
A12: =IFERROR(__xludf.DUMMYFUNCTION("""COMPUTED_VALUE"""),"O-11356-00") -> O-11356-00 | B12: =IFERROR(__xludf.DUMMYFUNCTION("""COMPUTED_VALUE"""),"Lubricant ? Food grade oil Viscolab 150 - Pc=Liter") -> Lubricant ? Food grade oil Viscolab 150 - Pc=Liter | C12: =IFERROR(__xludf.DUMMYFUNCTION("""COMPUTED_VALUE"""),"O-11356-00") -> O-11356-00 | D12: =if(isna(vlookup(C12,'On Hand'!A:C,3,0)),"",vlookup(C12,'On Hand'!A:C,3,0))
A13: =IFERROR(__xludf.DUMMYFUNCTION("""COMPUTED_VALUE"""),"O-11367-00") -> O-11367-00 | B13: =IFERROR(__xludf.DUMMYFUNCTION("""COMPUTED_VALUE"""),"Lubricant ? Oli ISO VG 320 MULTIPRIMA INDOSEJAHTERA, PT P/N : - pc") -> Lubricant ? Oli ISO VG 320 MULTIPRIMA INDOSEJAHTERA, PT P/N : - pc | C13: =IFERROR(__xludf.DUMMYFUNCTION("""COMPUTED_VALUE"""),"O-11367-00") -> O-11367-00 | D13: =if(isna(vlookup(C13,'On Hand'!A:C,3,0)),"",vlookup(C13,'On Hand'!A:C,3,0)) -> L
A14: =IFERROR(__xludf.DUMMYFUNCTION("""COMPUTED_VALUE"""),"O-11761-00") -> O-11761-00 | B14: =IFERROR(__xludf.DUMMYFUNCTION("""COMPUTED_VALUE"""),"Marchesini MA255 Cartoning Machine - Conveyor Belt, PU White, 1380 x 40 x 1.6 mm; Custom/Lokal; -; 1 unt") -> Marchesini MA255 Cartoning Machine - Conveyor Belt, PU White, 1380 x 40 x 1.6 mm; Custom/Lokal; -; 1 unt | C14: =IFERROR(__xludf.DUMMYFUNCTION("""COMPUTED_VALUE"""),"O-11761-00") -> O-11761-00 | D14: =if(isna(vlookup(C14,'On Hand'!A:C,3,0)),"",vlookup(C14,'On Hand'!A:C,3,0)) -> pc
A15: =IFERROR(__xludf.DUMMYFUNCTION("""COMPUTED_VALUE"""),"O-11762-00") -> O-11762-00 | B15: =IFERROR(__xludf.DUMMYFUNCTION("""COMPUTED_VALUE"""),"MARCHESINI MA 255 - Conveyor belt Nastro transporto FNB-8E 1850 X 40 HA; Marchesini; C720718540 pc") -> MARCHESINI MA 255 - Conveyor belt Nastro transporto FNB-8E 1850 X 40 HA; Marchesini; C720718540 pc | C15: =IFERROR(__xludf.DUMMYFUNCTION("""COMPUTED_VALUE"""),"O-11762-00") -> O-11762-00 | D15: =if(isna(vlookup(C15,'On Hand'!A:C,3,0)),"",vlookup(C15,'On Hand'!A:C,3,0)) -> pc
A16: =IFERROR(__xludf.DUMMYFUNCTION("""COMPUTED_VALUE"""),"O-11763-00") -> O-11763-00 | B16: =IFERROR(__xludf.DUMMYFUNCTION("""COMPUTED_VALUE"""),"MARCHESINI MA 255 - Conveyor belt Nastro transporto FNI-5E er 1110x 75(sil); Marchesini; C721411175 pc") -> MARCHESINI MA 255 - Conveyor belt Nastro transporto FNI-5E er 1110x 75(sil); Marchesini; C721411175 pc | C16: =IFERROR(__xludf.DUMMYFUNCTION("""COMPUTED_VALUE"""),"O-11763-00") -> O-11763-00 | D16: =if(isna(vlookup(C16,'On Hand'!A:C,3,0)),"",vlookup(C16,'On Hand'!A:C,3,0)) -> pc
A17: =IFERROR(__xludf.DUMMYFUNCTION("""COMPUTED_VALUE"""),"O-12732-00") -> O-12732-00 | B17: =IFERROR(__xludf.DUMMYFUNCTION("""COMPUTED_VALUE"""),"Tubing Polyurethane TU1208 Clear; SMC; Part No. X3; roll") -> Tubing Polyurethane TU1208 Clear; SMC; Part No. X3; roll | C17: =IFERROR(__xludf.DUMMYFUNCTION("""COMPUTED_VALUE"""),"O-12732-00") -> O-12732-00 | D17: =if(isna(vlookup(C17,'On Hand'!A:C,3,0)),"",vlookup(C17,'On Hand'!A:C,3,0))
A18: =IFERROR(__xludf.DUMMYFUNCTION("""COMPUTED_VALUE"""),"O-12733-00") -> O-12733-00 | B18: =IFERROR(__xludf.DUMMYFUNCTION("""COMPUTED_VALUE"""),"General - TU Polyurethane Tubing, TU1065C-100; SMC Pneumatics; -; 1 roll") -> General - TU Polyurethane Tubing, TU1065C-100; SMC Pneumatics; -; 1 roll | C18: =IFERROR(__xludf.DUMMYFUNCTION("""COMPUTED_VALUE"""),"O-12733-00") -> O-12733-00 | D18: =if(isna(vlookup(C18,'On Hand'!A:C,3,0)),"",vlookup(C18,'On Hand'!A:C,3,0))
A19: =IFERROR(__xludf.DUMMYFUNCTION("""COMPUTED_VALUE"""),"O-12734-00") -> O-12734-00 | B19: =IFERROR(__xludf.DUMMYFUNCTION("""COMPUTED_VALUE"""),"General - TU Polyurethane Tubing, TU0805C-100; SMC Pneumatics; -; 1 roll") -> General - TU Polyurethane Tubing, TU0805C-100; SMC Pneumatics; -; 1 roll | C19: =IFERROR(__xludf.DUMMYFUNCTION("""COMPUTED_VALUE"""),"O-12734-00") -> O-12734-00 | D19: =if(isna(vlookup(C19,'On Hand'!A:C,3,0)),"",vlookup(C19,'On Hand'!A:C,3,0))
A20: =IFERROR(__xludf.DUMMYFUNCTION("""COMPUTED_VALUE"""),"O-12735-00") -> O-12735-00 | B20: =IFERROR(__xludf.DUMMYFUNCTION("""COMPUTED_VALUE"""),"General - TU Polyurethane Tubing, TU0604C-100; SMC Pneumatics; -; 1 roll") -> General - TU Polyurethane Tubing, TU0604C-100; SMC Pneumatics; -; 1 roll | C20: =IFERROR(__xludf.DUMMYFUNCTION("""COMPUTED_VALUE"""),"O-12735-00") -> O-12735-00 | D20: =if(isna(vlookup(C20,'On Hand'!A:C,3,0)),"",vlookup(C20,'On Hand'!A:C,3,0))
A21: =IFERROR(__xludf.DUMMYFUNCTION("""COMPUTED_VALUE"""),"O-12736-00") -> O-12736-00 | B21: =IFERROR(__xludf.DUMMYFUNCTION("""COMPUTED_VALUE"""),"Tubing Polyurethane TU0425 Clear; ; ;") -> Tubing Polyurethane TU0425 Clear; ; ; | C21: =IFERROR(__xludf.DUMMYFUNCTION("""COMPUTED_VALUE"""),"O-12736-00") -> O-12736-00 | D21: =if(isna(vlookup(C21,'On Hand'!A:C,3,0)),"",vlookup(C21,'On Hand'!A:C,3,0))
A22: =IFERROR(__xludf.DUMMYFUNCTION("""COMPUTED_VALUE"""),"O-12868-00") -> O-12868-00 | B22: =IFERROR(__xludf.DUMMYFUNCTION("""COMPUTED_VALUE"""),"General - Emflon PFR membrane filter cartridge, 0.2 um sterilizing grade, 5-inch length, double-o-ring (silicone) with bayonet lock and flat end; Pall; AB05PFR2PVH4; 1 pcs") -> General - Emflon PFR membrane filter cartridge, 0.2 um sterilizing grade, 5-inch length, double-o-ring (silicone) with bayonet lock and flat end; Pall; AB05PFR2PVH4; 1 pcs | C22: =IFERROR(__xludf.DUMMYFUNCTION("""COMPUTED_VALUE"""),"O-12868-00") -> O-12868-00 | D22: =if(isna(vlookup(C22,'On Hand'!A:C,3,0)),"",vlookup(C22,'On Hand'!A:C,3,0))
A23: =IFERROR(__xludf.DUMMYFUNCTION("""COMPUTED_VALUE"""),"O-12918-00") -> O-12918-00 | B23: =IFERROR(__xludf.DUMMYFUNCTION("""COMPUTED_VALUE"""),"MARCHESINI MA 255 - p/n 322010 Nordson - Saturn precision Nozzle 200 mesh") -> MARCHESINI MA 255 - p/n 322010 Nordson - Saturn precision Nozzle 200 mesh | C23: =IFERROR(__xludf.DUMMYFUNCTION("""COMPUTED_VALUE"""),"O-12918-00") -> O-12918-00 | D23: =if(isna(vlookup(C23,'On Hand'!A:C,3,0)),"",vlookup(C23,'On Hand'!A:C,3,0))
A24: =IFERROR(__xludf.DUMMYFUNCTION("""COMPUTED_VALUE"""),"O-13062-00") -> O-13062-00 | B24: =IFERROR(__xludf.DUMMYFUNCTION("""COMPUTED_VALUE"""),"AUTOCLAVE Lab Mikro - PALL Emflon Filter 0,2um p/n C3PFRP1") -> AUTOCLAVE Lab Mikro - PALL Emflon Filter 0,2um p/n C3PFRP1 | C24: =IFERROR(__xludf.DUMMYFUNCTION("""COMPUTED_VALUE"""),"O-13062-00") -> O-13062-00 | D24: =if(isna(vlookup(C24,'On Hand'!A:C,3,0)),"",vlookup(C24,'On Hand'!A:C,3,0))
A25: =IFERROR(__xludf.DUMMYFUNCTION("""COMPUTED_VALUE"""),"O-13216-00") -> O-13216-00 | B25: =IFERROR(__xludf.DUMMYFUNCTION("""COMPUTED_VALUE"""),"Lubricant - Bechem Staroil G 320 Brown H1 @20 Liter/Pail") -> Lubricant - Bechem Staroil G 320 Brown H1 @20 Liter/Pail | C25: =IFERROR(__xludf.DUMMYFUNCTION("""COMPUTED_VALUE"""),"O-13216-00") -> O-13216-00 | D25: =if(isna(vlookup(C25,'On Hand'!A:C,3,0)),"",vlookup(C25,'On Hand'!A:C,3,0)) -> L
A26: =IFERROR(__xludf.DUMMYFUNCTION("""COMPUTED_VALUE"""),"O-13501-00") -> O-13501-00 | B26: =IFERROR(__xludf.DUMMYFUNCTION("""COMPUTED_VALUE"""),"General - Push-in T-connector, QST-12; Festo; 153132; 1 pcs") -> General - Push-in T-connector, QST-12; Festo; 153132; 1 pcs | C26: =IFERROR(__xludf.DUMMYFUNCTION("""COMPUTED_VALUE"""),"O-13501-00") -> O-13501-00 | D26: =if(isna(vlookup(C26,'On Hand'!A:C,3,0)),"",vlookup(C26,'On Hand'!A:C,3,0)) -> pc
A27: =IFERROR(__xludf.DUMMYFUNCTION("""COMPUTED_VALUE"""),"O-13505-00") -> O-13505-00 | B27: =IFERROR(__xludf.DUMMYFUNCTION("""COMPUTED_VALUE"""),"General - Push-in T-connector, QST-10; Festo; 153131; 1 pcs") -> General - Push-in T-connector, QST-10; Festo; 153131; 1 pcs | C27: =IFERROR(__xludf.DUMMYFUNCTION("""COMPUTED_VALUE"""),"O-13505-00") -> O-13505-00 | D27: =if(isna(vlookup(C27,'On Hand'!A:C,3,0)),"",vlookup(C27,'On Hand'!A:C,3,0)) -> pc
A28: =IFERROR(__xludf.DUMMYFUNCTION("""COMPUTED_VALUE"""),"O-13508-00") -> O-13508-00 | B28: =IFERROR(__xludf.DUMMYFUNCTION("""COMPUTED_VALUE"""),"Pneumatic Fitting - QS 8-6 FESTO P/N : - pc") -> Pneumatic Fitting - QS 8-6 FESTO P/N : - pc | C28: =IFERROR(__xludf.DUMMYFUNCTION("""COMPUTED_VALUE"""),"O-13508-00") -> O-13508-00 | D28: =if(isna(vlookup(C28,'On Hand'!A:C,3,0)),"",vlookup(C28,'On Hand'!A:C,3,0))
A29: =IFERROR(__xludf.DUMMYFUNCTION("""COMPUTED_VALUE"""),"O-13510-00") -> O-13510-00 | B29: =IFERROR(__xludf.DUMMYFUNCTION("""COMPUTED_VALUE"""),"Pneumatic Fitting - QS 12-10 FESTO P/N : - pc") -> Pneumatic Fitting - QS 12-10 FESTO P/N : - pc | C29: =IFERROR(__xludf.DUMMYFUNCTION("""COMPUTED_VALUE"""),"O-13510-00") -> O-13510-00 | D29: =if(isna(vlookup(C29,'On Hand'!A:C,3,0)),"",vlookup(C29,'On Hand'!A:C,3,0)) -> pc
A30: =IFERROR(__xludf.DUMMYFUNCTION("""COMPUTED_VALUE"""),"O-13521-00") -> O-13521-00 | B30: =IFERROR(__xludf.DUMMYFUNCTION("""COMPUTED_VALUE"""),"gasket 1 1/2"" / EPDM - P/N : - pc") -> gasket 1 1/2" / EPDM - P/N : - pc | C30: =IFERROR(__xludf.DUMMYFUNCTION("""COMPUTED_VALUE"""),"O-13521-00") -> O-13521-00 | D30: =if(isna(vlookup(C30,'On Hand'!A:C,3,0)),"",vlookup(C30,'On Hand'!A:C,3,0)) -> pc
A31: =IFERROR(__xludf.DUMMYFUNCTION("""COMPUTED_VALUE"""),"O-13522-00") -> O-13522-00 | B31: =IFERROR(__xludf.DUMMYFUNCTION("""COMPUTED_VALUE"""),"gasket 2"" / EPDM; ; ;") -> gasket 2" / EPDM; ; ; | C31: =IFERROR(__xludf.DUMMYFUNCTION("""COMPUTED_VALUE"""),"O-13522-00") -> O-13522-00 | D31: =if(isna(vlookup(C31,'On Hand'!A:C,3,0)),"",vlookup(C31,'On Hand'!A:C,3,0)) -> pc
A32: =IFERROR(__xludf.DUMMYFUNCTION("""COMPUTED_VALUE"""),"O-13617-00") -> O-13617-00 | B32: =IFERROR(__xludf.DUMMYFUNCTION("""COMPUTED_VALUE"""),"Marchesini MA255 Cartoning Machine - Flat Belt, 728 x 40 x 1 mm; Custom/Lokal; -; 1 unt") -> Marchesini MA255 Cartoning Machine - Flat Belt, 728 x 40 x 1 mm; Custom/Lokal; -; 1 unt | C32: =IFERROR(__xludf.DUMMYFUNCTION("""COMPUTED_VALUE"""),"O-13617-00") -> O-13617-00 | D32: =if(isna(vlookup(C32,'On Hand'!A:C,3,0)),"",vlookup(C32,'On Hand'!A:C,3,0))
A33: =IFERROR(__xludf.DUMMYFUNCTION("""COMPUTED_VALUE"""),"O-13799-00") -> O-13799-00 | B33: =IFERROR(__xludf.DUMMYFUNCTION("""COMPUTED_VALUE"""),"Carbon Vanes VT4.40 INTIDAYA DINAMIKA SEJATI, PT P/N : - pc") -> Carbon Vanes VT4.40 INTIDAYA DINAMIKA SEJATI, PT P/N : - pc | C33: =IFERROR(__xludf.DUMMYFUNCTION("""COMPUTED_VALUE"""),"O-13799-00") -> O-13799-00 | D33: =if(isna(vlookup(C33,'On Hand'!A:C,3,0)),"",vlookup(C33,'On Hand'!A:C,3,0))
A34: =IFERROR(__xludf.DUMMYFUNCTION("""COMPUTED_VALUE"""),"O-14022-00") -> O-14022-00 | B34: =IFERROR(__xludf.DUMMYFUNCTION("""COMPUTED_VALUE"""),"Valve Base SV-3-M5 Festo FESTO P/N : - pc") -> Valve Base SV-3-M5 Festo FESTO P/N : - pc | C34: =IFERROR(__xludf.DUMMYFUNCTION("""COMPUTED_VALUE"""),"O-14022-00") -> O-14022-00 | D34: =if(isna(vlookup(C34,'On Hand'!A:C,3,0)),"",vlookup(C34,'On Hand'!A:C,3,0)) -> pc
A35: =IFERROR(__xludf.DUMMYFUNCTION("""COMPUTED_VALUE"""),"O-14099-00") -> O-14099-00 | B35: =IFERROR(__xludf.DUMMYFUNCTION("""COMPUTED_VALUE"""),"Selang TS-25 (25x33) TOYOX P/N : - pc") -> Selang TS-25 (25x33) TOYOX P/N : - pc | C35: =IFERROR(__xludf.DUMMYFUNCTION("""COMPUTED_VALUE"""),"O-14099-00") -> O-14099-00 | D35: =if(isna(vlookup(C35,'On Hand'!A:C,3,0)),"",vlookup(C35,'On Hand'!A:C,3,0))
A36: =IFERROR(__xludf.DUMMYFUNCTION("""COMPUTED_VALUE"""),"O-14360-00") -> O-14360-00 | B36: =IFERROR(__xludf.DUMMYFUNCTION("""COMPUTED_VALUE"""),"Membran Valve EPDM PTFE DN 40 Gemu KRISNA DWI MITRA P/N : 600 40M5E-221 pc") -> Membran Valve EPDM PTFE DN 40 Gemu KRISNA DWI MITRA P/N : 600 40M5E-221 pc | C36: =IFERROR(__xludf.DUMMYFUNCTION("""COMPUTED_VALUE"""),"O-14360-00") -> O-14360-00 | D36: =if(isna(vlookup(C36,'On Hand'!A:C,3,0)),"",vlookup(C36,'On Hand'!A:C,3,0)) -> pc
A37: =IFERROR(__xludf.DUMMYFUNCTION("""COMPUTED_VALUE"""),"O-14363-00") -> O-14363-00 | B37: =IFERROR(__xludf.DUMMYFUNCTION("""COMPUTED_VALUE"""),"Membrane Diaphragm Valve EPDM PTFE DN 25 Gemu DUA BERLIAN PILAR P/N : 600 25M5E-221 pc") -> Membrane Diaphragm Valve EPDM PTFE DN 25 Gemu DUA BERLIAN PILAR P/N : 600 25M5E-221 pc | C37: =IFERROR(__xludf.DUMMYFUNCTION("""COMPUTED_VALUE"""),"O-14363-00") -> O-14363-00 | D37: =if(isna(vlookup(C37,'On Hand'!A:C,3,0)),"",vlookup(C37,'On Hand'!A:C,3,0)) -> pc
A38: =IFERROR(__xludf.DUMMYFUNCTION("""COMPUTED_VALUE"""),"O-14364-00") -> O-14364-00 | B38: =IFERROR(__xludf.DUMMYFUNCTION("""COMPUTED_VALUE"""),"Membrane Diaphragm Valve EPDM PTFE DN 50 p/n: 600 50M5E-221 Gemu; ; ;") -> Membrane Diaphragm Valve EPDM PTFE DN 50 p/n: 600 50M5E-221 Gemu; ; ; | C38: =IFERROR(__xludf.DUMMYFUNCTION("""COMPUTED_VALUE"""),"O-14364-00") -> O-14364-00 | D38: =if(isna(vlookup(C38,'On Hand'!A:C,3,0)),"",vlookup(C38,'On Hand'!A:C,3,0)) -> pc
A39: =IFERROR(__xludf.DUMMYFUNCTION("""COMPUTED_VALUE"""),"O-14449-00") -> O-14449-00 | B39: =IFERROR(__xludf.DUMMYFUNCTION("""COMPUTED_VALUE"""),"Isolator Glove Piercan 97800Y94/10 Material: Hypalon One Piece Fulled Dipped, White") -> Isolator Glove Piercan 97800Y94/10 Material: Hypalon One Piece Fulled Dipped, White | C39: =IFERROR(__xludf.DUMMYFUNCTION("""COMPUTED_VALUE"""),"O-14449-00") -> O-14449-00 | D39: =if(isna(vlookup(C39,'On Hand'!A:C,3,0)),"",vlookup(C39,'On Hand'!A:C,3,0))
A40: =IFERROR(__xludf.DUMMYFUNCTION("""COMPUTED_VALUE"""),"O-14510-00") -> O-14510-00 | B40: =IFERROR(__xludf.DUMMYFUNCTION("""COMPUTED_VALUE"""),"Speed Control AS2201F-02-08SA, SMC, , SINAR MUTIARA CAKRABUANA, PT P/N : - pc") -> Speed Control AS2201F-02-08SA, SMC, , SINAR MUTIARA CAKRABUANA, PT P/N : - pc | C40: =IFERROR(__xludf.DUMMYFUNCTION("""COMPUTED_VALUE"""),"O-14510-00") -> O-14510-00 | D40: =if(isna(vlookup(C40,'On Hand'!A:C,3,0)),"",vlookup(C40,'On Hand'!A:C,3,0)) -> pc
A41: =IFERROR(__xludf.DUMMYFUNCTION("""COMPUTED_VALUE"""),"O-14594-00") -> O-14594-00 | B41: =IFERROR(__xludf.DUMMYFUNCTION("""COMPUTED_VALUE"""),"Kit, membrane ozone 6510 METTLER TOLEDO INDONESIA, PT P/N : - pc") -> Kit, membrane ozone 6510 METTLER TOLEDO INDONESIA, PT P/N : - pc | C41: =IFERROR(__xludf.DUMMYFUNCTION("""COMPUTED_VALUE"""),"O-14594-00") -> O-14594-00 | D41: =if(isna(vlookup(C41,'On Hand'!A:C,3,0)),"",vlookup(C41,'On Hand'!A:C,3,0))
A42: =IFERROR(__xludf.DUMMYFUNCTION("""COMPUTED_VALUE"""),"O-14616-00") -> O-14616-00 | B42: =IFERROR(__xludf.DUMMYFUNCTION("""COMPUTED_VALUE"""),"Black arm system for Rotating pincer pneumatic cylinder SINAR MUTIARA CAKRABUANA, PT C/N : 33661 pc") -> Black arm system for Rotating pincer pneumatic cylinder SINAR MUTIARA CAKRABUANA, PT C/N : 33661 pc | C42: =IFERROR(__xludf.DUMMYFUNCTION("""COMPUTED_VALUE"""),"O-14616-00") -> O-14616-00 | D42: =if(isna(vlookup(C42,'On Hand'!A:C,3,0)),"",vlookup(C42,'On Hand'!A:C,3,0))
A43: =IFERROR(__xludf.DUMMYFUNCTION("""COMPUTED_VALUE"""),"O-14617-00") -> O-14617-00 | B43: =IFERROR(__xludf.DUMMYFUNCTION("""COMPUTED_VALUE"""),"Solenoid valve 2/2 ways NC 4,5mm; ; c/n 28582;") -> Solenoid valve 2/2 ways NC 4,5mm; ; c/n 28582; | C43: =IFERROR(__xludf.DUMMYFUNCTION("""COMPUTED_VALUE"""),"O-14617-00") -> O-14617-00 | D43: =if(isna(vlookup(C43,'On Hand'!A:C,3,0)),"",vlookup(C43,'On Hand'!A:C,3,0)) -> unt
A44: =IFERROR(__xludf.DUMMYFUNCTION("""COMPUTED_VALUE"""),"O-14618-00") -> O-14618-00 | B44: =IFERROR(__xludf.DUMMYFUNCTION("""COMPUTED_VALUE"""),"General - Pneumatic pincher silicone cover sleeve c/n 15927; SMC; MHZJ2-J20S; 1 Pc") -> General - Pneumatic pincher silicone cover sleeve c/n 15927; SMC; MHZJ2-J20S; 1 Pc | C44: =IFERROR(__xludf.DUMMYFUNCTION("""COMPUTED_VALUE"""),"O-14618-00") -> O-14618-00 | D44: =if(isna(vlookup(C44,'On Hand'!A:C,3,0)),"",vlookup(C44,'On Hand'!A:C,3,0)) -> unt
A45: =IFERROR(__xludf.DUMMYFUNCTION("""COMPUTED_VALUE"""),"O-14619-00") -> O-14619-00 | B45: =IFERROR(__xludf.DUMMYFUNCTION("""COMPUTED_VALUE"""),"Pressure reducer 1/2 Gas connection, with manometer 0-12 bar; Univer; c/n 11731;") -> Pressure reducer 1/2 Gas connection, with manometer 0-12 bar; Univer; c/n 11731; | C45: =IFERROR(__xludf.DUMMYFUNCTION("""COMPUTED_VALUE"""),"O-14619-00") -> O-14619-00 | D45: =if(isna(vlookup(C45,'On Hand'!A:C,3,0)),"",vlookup(C45,'On Hand'!A:C,3,0))
A46: =IFERROR(__xludf.DUMMYFUNCTION("""COMPUTED_VALUE"""),"O-14620-00") -> O-14620-00 | B46: =IFERROR(__xludf.DUMMYFUNCTION("""COMPUTED_VALUE"""),"Microswitch for pneumatic cylinder; ; c/n 7821;") -> Microswitch for pneumatic cylinder; ; c/n 7821; | C46: =IFERROR(__xludf.DUMMYFUNCTION("""COMPUTED_VALUE"""),"O-14620-00") -> O-14620-00 | D46: =if(isna(vlookup(C46,'On Hand'!A:C,3,0)),"",vlookup(C46,'On Hand'!A:C,3,0)) -> unt
A47: =IFERROR(__xludf.DUMMYFUNCTION("""COMPUTED_VALUE"""),"O-14621-00") -> O-14621-00 | B47: =IFERROR(__xludf.DUMMYFUNCTION("""COMPUTED_VALUE"""),"Coil U2 11W 24VDC; Univer; c/n 5233;") -> Coil U2 11W 24VDC; Univer; c/n 5233; | C47: =IFERROR(__xludf.DUMMYFUNCTION("""COMPUTED_VALUE"""),"O-14621-00") -> O-14621-00 | D47: =if(isna(vlookup(C47,'On Hand'!A:C,3,0)),"",vlookup(C47,'On Hand'!A:C,3,0)) -> unt
A48: =IFERROR(__xludf.DUMMYFUNCTION("""COMPUTED_VALUE"""),"O-14639-00") -> O-14639-00 | B48: =IFERROR(__xludf.DUMMYFUNCTION("""COMPUTED_VALUE"""),"EPDM Gasket for Ferrule dia. 1/2"" - P/N : - pc") -> EPDM Gasket for Ferrule dia. 1/2" - P/N : - pc | C48: =IFERROR(__xludf.DUMMYFUNCTION("""COMPUTED_VALUE"""),"O-14639-00") -> O-14639-00 | D48: =if(isna(vlookup(C48,'On Hand'!A:C,3,0)),"",vlookup(C48,'On Hand'!A:C,3,0)) -> pc
A49: =IFERROR(__xludf.DUMMYFUNCTION("""COMPUTED_VALUE"""),"O-14640-00") -> O-14640-00 | B49: =IFERROR(__xludf.DUMMYFUNCTION("""COMPUTED_VALUE"""),"General - Silicone Gasket for Ferrule dia. 3/4""; -; -; 1 Pc") -> General - Silicone Gasket for Ferrule dia. 3/4"; -; -; 1 Pc | C49: =IFERROR(__xludf.DUMMYFUNCTION("""COMPUTED_VALUE"""),"O-14640-00") -> O-14640-00 | D49: =if(isna(vlookup(C49,'On Hand'!A:C,3,0)),"",vlookup(C49,'On Hand'!A:C,3,0)) -> pc
A50: =IFERROR(__xludf.DUMMYFUNCTION("""COMPUTED_VALUE"""),"O-14641-00") -> O-14641-00 | B50: =IFERROR(__xludf.DUMMYFUNCTION("""COMPUTED_VALUE"""),"General - Silicone Gasket for Ferrule dia. 1""; -; -; 1 Pc") -> General - Silicone Gasket for Ferrule dia. 1"; -; -; 1 Pc | C50: =IFERROR(__xludf.DUMMYFUNCTION("""COMPUTED_VALUE"""),"O-14641-00") -> O-14641-00 | D50: =if(isna(vlookup(C50,'On Hand'!A:C,3,0)),"",vlookup(C50,'On Hand'!A:C,3,0)) -> pc
A51: =IFERROR(__xludf.DUMMYFUNCTION("""COMPUTED_VALUE"""),"O-14642-00") -> O-14642-00 | B51: =IFERROR(__xludf.DUMMYFUNCTION("""COMPUTED_VALUE"""),"General - Silicone Gasket for Ferrule dia. 2,5""; -; -; 1 Pc") -> General - Silicone Gasket for Ferrule dia. 2,5"; -; -; 1 Pc | C51: =IFERROR(__xludf.DUMMYFUNCTION("""COMPUTED_VALUE"""),"O-14642-00") -> O-14642-00 | D51: =if(isna(vlookup(C51,'On Hand'!A:C,3,0)),"",vlookup(C51,'On Hand'!A:C,3,0)) -> pc
A52: =IFERROR(__xludf.DUMMYFUNCTION("""COMPUTED_VALUE"""),"O-14643-00") -> O-14643-00 | B52: =IFERROR(__xludf.DUMMYFUNCTION("""COMPUTED_VALUE"""),"EPDM Gasket for Ferrule dia. 3""; ; ;") -> EPDM Gasket for Ferrule dia. 3"; ; ; | C52: =IFERROR(__xludf.DUMMYFUNCTION("""COMPUTED_VALUE"""),"O-14643-00") -> O-14643-00 | D52: =if(isna(vlookup(C52,'On Hand'!A:C,3,0)),"",vlookup(C52,'On Hand'!A:C,3,0)) -> pc
A53: =IFERROR(__xludf.DUMMYFUNCTION("""COMPUTED_VALUE"""),"O-14644-00") -> O-14644-00 | B53: =IFERROR(__xludf.DUMMYFUNCTION("""COMPUTED_VALUE"""),"General - Silicone Gasket for Ferrule dia. 4""; -; -; 1 Pc") -> General - Silicone Gasket for Ferrule dia. 4"; -; -; 1 Pc | C53: =IFERROR(__xludf.DUMMYFUNCTION("""COMPUTED_VALUE"""),"O-14644-00") -> O-14644-00 | D53: =if(isna(vlookup(C53,'On Hand'!A:C,3,0)),"",vlookup(C53,'On Hand'!A:C,3,0)) -> pc
A54: =IFERROR(__xludf.DUMMYFUNCTION("""COMPUTED_VALUE"""),"O-15019-00") -> O-15019-00 | B54: =IFERROR(__xludf.DUMMYFUNCTION("""COMPUTED_VALUE"""),"Bearing 6004 H SS") -> Bearing 6004 H SS | C54: =IFERROR(__xludf.DUMMYFUNCTION("""COMPUTED_VALUE"""),"O-15019-00") -> O-15019-00 | D54: =if(isna(vlookup(C54,'On Hand'!A:C,3,0)),"",vlookup(C54,'On Hand'!A:C,3,0)) -> pc
A55: =IFERROR(__xludf.DUMMYFUNCTION("""COMPUTED_VALUE"""),"O-15398-00") -> O-15398-00 | B55: =IFERROR(__xludf.DUMMYFUNCTION("""COMPUTED_VALUE"""),"Bearing - 61800-2RS1 - P/N : - pc") -> Bearing - 61800-2RS1 - P/N : - pc | C55: =IFERROR(__xludf.DUMMYFUNCTION("""COMPUTED_VALUE"""),"O-15398-00") -> O-15398-00 | D55: =if(isna(vlookup(C55,'On Hand'!A:C,3,0)),"",vlookup(C55,'On Hand'!A:C,3,0)) -> pc
A56: =IFERROR(__xludf.DUMMYFUNCTION("""COMPUTED_VALUE"""),"O-15400-00") -> O-15400-00 | B56: =IFERROR(__xludf.DUMMYFUNCTION("""COMPUTED_VALUE"""),"Colamark - Side Arms kit EPT012551; Domino; SP-0076; 1 Pc") -> Colamark - Side Arms kit EPT012551; Domino; SP-0076; 1 Pc | C56: =IFERROR(__xludf.DUMMYFUNCTION("""COMPUTED_VALUE"""),"O-15400-00") -> O-15400-00 | D56: =if(isna(vlookup(C56,'On Hand'!A:C,3,0)),"",vlookup(C56,'On Hand'!A:C,3,0)) -> pc
A57: =IFERROR(__xludf.DUMMYFUNCTION("""COMPUTED_VALUE"""),"O-15462-00") -> O-15462-00 | B57: =IFERROR(__xludf.DUMMYFUNCTION("""COMPUTED_VALUE"""),"Dry Fog Stainless Steel FLOAT 47049-23S") -> Dry Fog Stainless Steel FLOAT 47049-23S | C57: =IFERROR(__xludf.DUMMYFUNCTION("""COMPUTED_VALUE"""),"O-15462-00") -> O-15462-00 | D57: =if(isna(vlookup(C57,'On Hand'!A:C,3,0)),"",vlookup(C57,'On Hand'!A:C,3,0))
A58: =IFERROR(__xludf.DUMMYFUNCTION("""COMPUTED_VALUE"""),"O-15484-00") -> O-15484-00 | B58: =IFERROR(__xludf.DUMMYFUNCTION("""COMPUTED_VALUE"""),"Static Gasket (Door gasket) for main chamber; ; ;") -> Static Gasket (Door gasket) for main chamber; ; ; | C58: =IFERROR(__xludf.DUMMYFUNCTION("""COMPUTED_VALUE"""),"O-15484-00") -> O-15484-00 | D58: =if(isna(vlookup(C58,'On Hand'!A:C,3,0)),"",vlookup(C58,'On Hand'!A:C,3,0))
A59: =IFERROR(__xludf.DUMMYFUNCTION("""COMPUTED_VALUE"""),"O-15485-00") -> O-15485-00 | B59: =IFERROR(__xludf.DUMMYFUNCTION("""COMPUTED_VALUE"""),"HEPA (H 14) Filters (155D mm x 150H mm); ; ;") -> HEPA (H 14) Filters (155D mm x 150H mm); ; ; | C59: =IFERROR(__xludf.DUMMYFUNCTION("""COMPUTED_VALUE"""),"O-15485-00") -> O-15485-00 | D59: =if(isna(vlookup(C59,'On Hand'!A:C,3,0)),"",vlookup(C59,'On Hand'!A:C,3,0))
A60: =IFERROR(__xludf.DUMMYFUNCTION("""COMPUTED_VALUE"""),"O-15486-00") -> O-15486-00 | B60: =IFERROR(__xludf.DUMMYFUNCTION("""COMPUTED_VALUE"""),"Pre-filter (EU-8) size 100D x 135H mm; ; ;") -> Pre-filter (EU-8) size 100D x 135H mm; ; ; | C60: =IFERROR(__xludf.DUMMYFUNCTION("""COMPUTED_VALUE"""),"O-15486-00") -> O-15486-00 | D60: =if(isna(vlookup(C60,'On Hand'!A:C,3,0)),"",vlookup(C60,'On Hand'!A:C,3,0))
A61: =IFERROR(__xludf.DUMMYFUNCTION("""COMPUTED_VALUE"""),"O-15487-00") -> O-15487-00 | B61: =IFERROR(__xludf.DUMMYFUNCTION("""COMPUTED_VALUE"""),"Gas Spring Model : 8-18-2, 03 SL/300N-486; ; ;") -> Gas Spring Model : 8-18-2, 03 SL/300N-486; ; ; | C61: =IFERROR(__xludf.DUMMYFUNCTION("""COMPUTED_VALUE"""),"O-15487-00") -> O-15487-00 | D61: =if(isna(vlookup(C61,'On Hand'!A:C,3,0)),"",vlookup(C61,'On Hand'!A:C,3,0))
A62: =IFERROR(__xludf.DUMMYFUNCTION("""COMPUTED_VALUE"""),"O-15488-00") -> O-15488-00 | B62: =IFERROR(__xludf.DUMMYFUNCTION("""COMPUTED_VALUE"""),"Gauntlets for main chamber, port size 250 x 200 mm; ; ;") -> Gauntlets for main chamber, port size 250 x 200 mm; ; ; | C62: =IFERROR(__xludf.DUMMYFUNCTION("""COMPUTED_VALUE"""),"O-15488-00") -> O-15488-00 | D62: =if(isna(vlookup(C62,'On Hand'!A:C,3,0)),"",vlookup(C62,'On Hand'!A:C,3,0))
A63: =IFERROR(__xludf.DUMMYFUNCTION("""COMPUTED_VALUE"""),"O-15489-00") -> O-15489-00 | B63: =IFERROR(__xludf.DUMMYFUNCTION("""COMPUTED_VALUE"""),"SPA 1120 Brand : Optibelt / Bando Merah; Optibelt; ;") -> SPA 1120 Brand : Optibelt / Bando Merah; Optibelt; ; | C63: =IFERROR(__xludf.DUMMYFUNCTION("""COMPUTED_VALUE"""),"O-15489-00") -> O-15489-00 | D63: =if(isna(vlookup(C63,'On Hand'!A:C,3,0)),"",vlookup(C63,'On Hand'!A:C,3,0)) -> pc
A64: =IFERROR(__xludf.DUMMYFUNCTION("""COMPUTED_VALUE"""),"O-15490-00") -> O-15490-00 | B64: =IFERROR(__xludf.DUMMYFUNCTION("""COMPUTED_VALUE"""),"B63 Brand : Optibelt / Bando Merah; Optibelt; ;") -> B63 Brand : Optibelt / Bando Merah; Optibelt; ; | C64: =IFERROR(__xludf.DUMMYFUNCTION("""COMPUTED_VALUE"""),"O-15490-00") -> O-15490-00 | D64: =if(isna(vlookup(C64,'On Hand'!A:C,3,0)),"",vlookup(C64,'On Hand'!A:C,3,0)) -> pc
A65: =IFERROR(__xludf.DUMMYFUNCTION("""COMPUTED_VALUE"""),"O-15491-00") -> O-15491-00 | B65: =IFERROR(__xludf.DUMMYFUNCTION("""COMPUTED_VALUE"""),"SPA 2482 Lw Brand : Optibelt / Bando Merah; Optibelt; ;") -> SPA 2482 Lw Brand : Optibelt / Bando Merah; Optibelt; ; | C65: =IFERROR(__xludf.DUMMYFUNCTION("""COMPUTED_VALUE"""),"O-15491-00") -> O-15491-00 | D65: =if(isna(vlookup(C65,'On Hand'!A:C,3,0)),"",vlookup(C65,'On Hand'!A:C,3,0)) -> pc
A66: =IFERROR(__xludf.DUMMYFUNCTION("""COMPUTED_VALUE"""),"O-15492-00") -> O-15492-00 | B66: =IFERROR(__xludf.DUMMYFUNCTION("""COMPUTED_VALUE"""),"SPA 1132 Brand : Optibelt / Bando Merah - P/N : - pc") -> SPA 1132 Brand : Optibelt / Bando Merah - P/N : - pc | C66: =IFERROR(__xludf.DUMMYFUNCTION("""COMPUTED_VALUE"""),"O-15492-00") -> O-15492-00 | D66: =if(isna(vlookup(C66,'On Hand'!A:C,3,0)),"",vlookup(C66,'On Hand'!A:C,3,0))
A67: =IFERROR(__xludf.DUMMYFUNCTION("""COMPUTED_VALUE"""),"O-15493-00") -> O-15493-00 | B67: =IFERROR(__xludf.DUMMYFUNCTION("""COMPUTED_VALUE"""),"SPA 1082 Brand : Optibelt / Bando Merah Optibelt") -> SPA 1082 Brand : Optibelt / Bando Merah Optibelt | C67: =IFERROR(__xludf.DUMMYFUNCTION("""COMPUTED_VALUE"""),"O-15493-00") -> O-15493-00 | D67: =if(isna(vlookup(C67,'On Hand'!A:C,3,0)),"",vlookup(C67,'On Hand'!A:C,3,0)) -> pc
A68: =IFERROR(__xludf.DUMMYFUNCTION("""COMPUTED_VALUE"""),"O-15544-00") -> O-15544-00 | B68: =IFERROR(__xludf.DUMMYFUNCTION("""COMPUTED_VALUE"""),"BECKER VACUUM - Medical Bacterial Filter FM70 Conn: 1/2 inch") -> BECKER VACUUM - Medical Bacterial Filter FM70 Conn: 1/2 inch | C68: =IFERROR(__xludf.DUMMYFUNCTION("""COMPUTED_VALUE"""),"O-15544-00") -> O-15544-00 | D68: =if(isna(vlookup(C68,'On Hand'!A:C,3,0)),"",vlookup(C68,'On Hand'!A:C,3,0))
A69: =IFERROR(__xludf.DUMMYFUNCTION("""COMPUTED_VALUE"""),"O-15550-00") -> O-15550-00 | B69: =IFERROR(__xludf.DUMMYFUNCTION("""COMPUTED_VALUE"""),"ABSOLUT ENCODER MONOLOOP SSI, GRAY CODE, 360 TURN PULSE") -> ABSOLUT ENCODER MONOLOOP SSI, GRAY CODE, 360 TURN PULSE | C69: =IFERROR(__xludf.DUMMYFUNCTION("""COMPUTED_VALUE"""),"O-15550-00") -> O-15550-00 | D69: =if(isna(vlookup(C69,'On Hand'!A:C,3,0)),"",vlookup(C69,'On Hand'!A:C,3,0))
A70: =IFERROR(__xludf.DUMMYFUNCTION("""COMPUTED_VALUE"""),"O-15551-00") -> O-15551-00 | B70: =IFERROR(__xludf.DUMMYFUNCTION("""COMPUTED_VALUE"""),"ABSOLUT ENCODER MONOLOOP SSI; GRAY CODE, 360 TURN PULSE; MAIN ENCODER ;") -> ABSOLUT ENCODER MONOLOOP SSI; GRAY CODE, 360 TURN PULSE; MAIN ENCODER ; | C70: =IFERROR(__xludf.DUMMYFUNCTION("""COMPUTED_VALUE"""),"O-15551-00") -> O-15551-00 | D70: =if(isna(vlookup(C70,'On Hand'!A:C,3,0)),"",vlookup(C70,'On Hand'!A:C,3,0))
A71: =IFERROR(__xludf.DUMMYFUNCTION("""COMPUTED_VALUE"""),"O-15552-00") -> O-15552-00 | B71: =IFERROR(__xludf.DUMMYFUNCTION("""COMPUTED_VALUE"""),"ABSOLUTE ENCODER SSI 8192 GRAY RADIAL CONNECTOR; PART NO :202931") -> ABSOLUTE ENCODER SSI 8192 GRAY RADIAL CONNECTOR; PART NO :202931 | C71: =IFERROR(__xludf.DUMMYFUNCTION("""COMPUTED_VALUE"""),"O-15552-00") -> O-15552-00 | D71: =if(isna(vlookup(C71,'On Hand'!A:C,3,0)),"",vlookup(C71,'On Hand'!A:C,3,0)) -> unt
A72: =IFERROR(__xludf.DUMMYFUNCTION("""COMPUTED_VALUE"""),"O-15553-00") -> O-15553-00 | B72: =IFERROR(__xludf.DUMMYFUNCTION("""COMPUTED_VALUE"""),"ACTUATOR VALVE (FV20)") -> ACTUATOR VALVE (FV20) | C72: =IFERROR(__xludf.DUMMYFUNCTION("""COMPUTED_VALUE"""),"O-15553-00") -> O-15553-00 | D72: =if(isna(vlookup(C72,'On Hand'!A:C,3,0)),"",vlookup(C72,'On Hand'!A:C,3,0))
A73: =IFERROR(__xludf.DUMMYFUNCTION("""COMPUTED_VALUE"""),"O-15554-00") -> O-15554-00 | B73: =IFERROR(__xludf.DUMMYFUNCTION("""COMPUTED_VALUE"""),"AIRTIGHT DOOR MOTOR ; HALSTRUP &SAIA :GEAR MOTOR N100/SO - UFR1 - UL; SUPPLY VOLTAGE: 24VAC;FREQUENCY: 50HZ; OUTPUT TORQUE: 15NM; MOTOR SPEED: 0.5 U/MIN (R1:1000);") -> AIRTIGHT DOOR MOTOR ; HALSTRUP &SAIA :GEAR MOTOR N100/SO - UFR1 - UL; SUPPLY VOLTAGE: 24VAC;FREQUENCY: 50HZ; OUTPUT TORQUE: 15NM; MOTOR SPEED: 0.5 U/MIN (R1:1000); | C73: =IFERROR(__xludf.DUMMYFUNCTION("""COMPUTED_VALUE"""),"O-15554-00") -> O-15554-00 | D73: =if(isna(vlookup(C73,'On Hand'!A:C,3,0)),"",vlookup(C73,'On Hand'!A:C,3,0))
A74: =IFERROR(__xludf.DUMMYFUNCTION("""COMPUTED_VALUE"""),"O-15555-00") -> O-15555-00 | B74: =IFERROR(__xludf.DUMMYFUNCTION("""COMPUTED_VALUE"""),"AISI BALLS 5/32; PART NO :200042") -> AISI BALLS 5/32; PART NO :200042 | C74: =IFERROR(__xludf.DUMMYFUNCTION("""COMPUTED_VALUE"""),"O-15555-00") -> O-15555-00 | D74: =if(isna(vlookup(C74,'On Hand'!A:C,3,0)),"",vlookup(C74,'On Hand'!A:C,3,0))
A75: =IFERROR(__xludf.DUMMYFUNCTION("""COMPUTED_VALUE"""),"O-15556-00") -> O-15556-00 | B75: =IFERROR(__xludf.DUMMYFUNCTION("""COMPUTED_VALUE"""),"BEARING & COMBONENT / JOINT HEAD CF 8 M8X1,25 FEMALE; STERILINE ; PART NO :200028") -> BEARING & COMBONENT / JOINT HEAD CF 8 M8X1,25 FEMALE; STERILINE ; PART NO :200028 | C75: =IFERROR(__xludf.DUMMYFUNCTION("""COMPUTED_VALUE"""),"O-15556-00") -> O-15556-00 | D75: =if(isna(vlookup(C75,'On Hand'!A:C,3,0)),"",vlookup(C75,'On Hand'!A:C,3,0))
A76: =IFERROR(__xludf.DUMMYFUNCTION("""COMPUTED_VALUE"""),"O-15557-00") -> O-15557-00 | B76: =IFERROR(__xludf.DUMMYFUNCTION("""COMPUTED_VALUE"""),"BEARING 51104; STERILINE; PART NO :201653") -> BEARING 51104; STERILINE; PART NO :201653 | C76: =IFERROR(__xludf.DUMMYFUNCTION("""COMPUTED_VALUE"""),"O-15557-00") -> O-15557-00 | D76: =if(isna(vlookup(C76,'On Hand'!A:C,3,0)),"",vlookup(C76,'On Hand'!A:C,3,0))
A77: =IFERROR(__xludf.DUMMYFUNCTION("""COMPUTED_VALUE"""),"O-15558-00") -> O-15558-00 | B77: =IFERROR(__xludf.DUMMYFUNCTION("""COMPUTED_VALUE"""),"BEARING ANGULAR BALL 7003 ACDGA/P4A; STERILINE ; PART NO :200245") -> BEARING ANGULAR BALL 7003 ACDGA/P4A; STERILINE ; PART NO :200245 | C77: =IFERROR(__xludf.DUMMYFUNCTION("""COMPUTED_VALUE"""),"O-15558-00") -> O-15558-00 | D77: =if(isna(vlookup(C77,'On Hand'!A:C,3,0)),"",vlookup(C77,'On Hand'!A:C,3,0))
A78: =IFERROR(__xludf.DUMMYFUNCTION("""COMPUTED_VALUE"""),"O-15559-00") -> O-15559-00 | B78: =IFERROR(__xludf.DUMMYFUNCTION("""COMPUTED_VALUE"""),"BEARING INA KH 1428; STERILINE : PART NO :200023") -> BEARING INA KH 1428; STERILINE : PART NO :200023 | C78: =IFERROR(__xludf.DUMMYFUNCTION("""COMPUTED_VALUE"""),"O-15559-00") -> O-15559-00 | D78: =if(isna(vlookup(C78,'On Hand'!A:C,3,0)),"",vlookup(C78,'On Hand'!A:C,3,0)) -> unt
A79: =IFERROR(__xludf.DUMMYFUNCTION("""COMPUTED_VALUE"""),"O-15560-00") -> O-15560-00 | B79: =IFERROR(__xludf.DUMMYFUNCTION("""COMPUTED_VALUE"""),"BEARING INA KH 2030; STERILINE ; PART NO :200053") -> BEARING INA KH 2030; STERILINE ; PART NO :200053 | C79: =IFERROR(__xludf.DUMMYFUNCTION("""COMPUTED_VALUE"""),"O-15560-00") -> O-15560-00 | D79: =if(isna(vlookup(C79,'On Hand'!A:C,3,0)),"",vlookup(C79,'On Hand'!A:C,3,0))
A80: =IFERROR(__xludf.DUMMYFUNCTION("""COMPUTED_VALUE"""),"O-15561-00") -> O-15561-00 | B80: =IFERROR(__xludf.DUMMYFUNCTION("""COMPUTED_VALUE"""),"BEARING INA KH 3050; STERILINE ; PART NO :200055") -> BEARING INA KH 3050; STERILINE ; PART NO :200055 | C80: =IFERROR(__xludf.DUMMYFUNCTION("""COMPUTED_VALUE"""),"O-15561-00") -> O-15561-00 | D80: =if(isna(vlookup(C80,'On Hand'!A:C,3,0)),"",vlookup(C80,'On Hand'!A:C,3,0))
A81: =IFERROR(__xludf.DUMMYFUNCTION("""COMPUTED_VALUE"""),"O-15562-00") -> O-15562-00 | B81: =IFERROR(__xludf.DUMMYFUNCTION("""COMPUTED_VALUE"""),"BEARING INA NKIA5902; STERILINE PART NO :201027") -> BEARING INA NKIA5902; STERILINE PART NO :201027 | C81: =IFERROR(__xludf.DUMMYFUNCTION("""COMPUTED_VALUE"""),"O-15562-00") -> O-15562-00 | D81: =if(isna(vlookup(C81,'On Hand'!A:C,3,0)),"",vlookup(C81,'On Hand'!A:C,3,0))
A82: =IFERROR(__xludf.DUMMYFUNCTION("""COMPUTED_VALUE"""),"O-15563-00") -> O-15563-00 | B82: =IFERROR(__xludf.DUMMYFUNCTION("""COMPUTED_VALUE"""),"BEARING R-4HH BRAND EZO") -> BEARING R-4HH BRAND EZO | C82: =IFERROR(__xludf.DUMMYFUNCTION("""COMPUTED_VALUE"""),"O-15563-00") -> O-15563-00 | D82: =if(isna(vlookup(C82,'On Hand'!A:C,3,0)),"",vlookup(C82,'On Hand'!A:C,3,0))
A83: =IFERROR(__xludf.DUMMYFUNCTION("""COMPUTED_VALUE"""),"O-15564-00") -> O-15564-00 | B83: =IFERROR(__xludf.DUMMYFUNCTION("""COMPUTED_VALUE"""),"BUSHING IGUS HFM 08 - 10 - 10; STERILINE PART NO :201202") -> BUSHING IGUS HFM 08 - 10 - 10; STERILINE PART NO :201202 | C83: =IFERROR(__xludf.DUMMYFUNCTION("""COMPUTED_VALUE"""),"O-15564-00") -> O-15564-00 | D83: =if(isna(vlookup(C83,'On Hand'!A:C,3,0)),"",vlookup(C83,'On Hand'!A:C,3,0))
A84: =IFERROR(__xludf.DUMMYFUNCTION("""COMPUTED_VALUE"""),"O-15565-00") -> O-15565-00 | B84: =IFERROR(__xludf.DUMMYFUNCTION("""COMPUTED_VALUE"""),"EPDM MEMBRANE FOR GEMU PNEUMATIC MEMBRANE VALVE 1/2 (DN15); 2-WAY; AISI316L; RA = 0,5MICRON; PNEUMATICALLY OPERATED, NORMALLY CLOSED") -> EPDM MEMBRANE FOR GEMU PNEUMATIC MEMBRANE VALVE 1/2 (DN15); 2-WAY; AISI316L; RA = 0,5MICRON; PNEUMATICALLY OPERATED, NORMALLY CLOSED | C84: =IFERROR(__xludf.DUMMYFUNCTION("""COMPUTED_VALUE"""),"O-15565-00") -> O-15565-00 | D84: =if(isna(vlookup(C84,'On Hand'!A:C,3,0)),"",vlookup(C84,'On Hand'!A:C,3,0))
A85: =IFERROR(__xludf.DUMMYFUNCTION("""COMPUTED_VALUE"""),"O-15566-00") -> O-15566-00 | B85: =IFERROR(__xludf.DUMMYFUNCTION("""COMPUTED_VALUE"""),"CAPS HOPPER MINIMUM LOAD SENSOR ; WORLD BEAM QS18VP6LAF250Q5 LASER ADJUSTABLE FIELD") -> CAPS HOPPER MINIMUM LOAD SENSOR ; WORLD BEAM QS18VP6LAF250Q5 LASER ADJUSTABLE FIELD | C85: =IFERROR(__xludf.DUMMYFUNCTION("""COMPUTED_VALUE"""),"O-15566-00") -> O-15566-00 | D85: =if(isna(vlookup(C85,'On Hand'!A:C,3,0)),"",vlookup(C85,'On Hand'!A:C,3,0))
A86: =IFERROR(__xludf.DUMMYFUNCTION("""COMPUTED_VALUE"""),"O-15567-00") -> O-15567-00 | B86: =IFERROR(__xludf.DUMMYFUNCTION("""COMPUTED_VALUE"""),"CAPS MINIMUM LOAD SENSOR ; HIGH PRECISION OPTICAL FIBER FU-7F") -> CAPS MINIMUM LOAD SENSOR ; HIGH PRECISION OPTICAL FIBER FU-7F | C86: =IFERROR(__xludf.DUMMYFUNCTION("""COMPUTED_VALUE"""),"O-15567-00") -> O-15567-00 | D86: =if(isna(vlookup(C86,'On Hand'!A:C,3,0)),"",vlookup(C86,'On Hand'!A:C,3,0))
A87: =IFERROR(__xludf.DUMMYFUNCTION("""COMPUTED_VALUE"""),"O-15568-00") -> O-15568-00 | B87: =IFERROR(__xludf.DUMMYFUNCTION("""COMPUTED_VALUE"""),"CARTRIDGE FILTER AERVENT 50 0,2 ?M TC 3/4 LOT NO. F2JA25925 S.N. 01612; REJECT VALVE 2 FILTER ;") -> CARTRIDGE FILTER AERVENT 50 0,2 ?M TC 3/4 LOT NO. F2JA25925 S.N. 01612; REJECT VALVE 2 FILTER ; | C87: =IFERROR(__xludf.DUMMYFUNCTION("""COMPUTED_VALUE"""),"O-15568-00") -> O-15568-00 | D87: =if(isna(vlookup(C87,'On Hand'!A:C,3,0)),"",vlookup(C87,'On Hand'!A:C,3,0))
A88: =IFERROR(__xludf.DUMMYFUNCTION("""COMPUTED_VALUE"""),"O-15569-00") -> O-15569-00 | B88: =IFERROR(__xludf.DUMMYFUNCTION("""COMPUTED_VALUE"""),"CHAMBER AIR INLET PNEUMATIC VALVE ; VP3 ;") -> CHAMBER AIR INLET PNEUMATIC VALVE ; VP3 ; | C88: =IFERROR(__xludf.DUMMYFUNCTION("""COMPUTED_VALUE"""),"O-15569-00") -> O-15569-00 | D88: =if(isna(vlookup(C88,'On Hand'!A:C,3,0)),"",vlookup(C88,'On Hand'!A:C,3,0))
A89: =IFERROR(__xludf.DUMMYFUNCTION("""COMPUTED_VALUE"""),"O-15570-00") -> O-15570-00 | B89: =IFERROR(__xludf.DUMMYFUNCTION("""COMPUTED_VALUE"""),"CHAMBER PRESSURE TRANSDUCER ; TP ;") -> CHAMBER PRESSURE TRANSDUCER ; TP ; | C89: =IFERROR(__xludf.DUMMYFUNCTION("""COMPUTED_VALUE"""),"O-15570-00") -> O-15570-00 | D89: =if(isna(vlookup(C89,'On Hand'!A:C,3,0)),"",vlookup(C89,'On Hand'!A:C,3,0))
A90: =IFERROR(__xludf.DUMMYFUNCTION("""COMPUTED_VALUE"""),"O-15571-00") -> O-15571-00 | B90: =IFERROR(__xludf.DUMMYFUNCTION("""COMPUTED_VALUE"""),"COMPRESSED AIR LINE FILTER; F6 ;") -> COMPRESSED AIR LINE FILTER; F6 ; | C90: =IFERROR(__xludf.DUMMYFUNCTION("""COMPUTED_VALUE"""),"O-15571-00") -> O-15571-00 | D90: =if(isna(vlookup(C90,'On Hand'!A:C,3,0)),"",vlookup(C90,'On Hand'!A:C,3,0))
A91: =IFERROR(__xludf.DUMMYFUNCTION("""COMPUTED_VALUE"""),"O-15572-00") -> O-15572-00 | B91: =IFERROR(__xludf.DUMMYFUNCTION("""COMPUTED_VALUE"""),"CORDA TONDA IN NBR D=3MM; STERILINE ; PART NO :6829") -> CORDA TONDA IN NBR D=3MM; STERILINE ; PART NO :6829 | C91: =IFERROR(__xludf.DUMMYFUNCTION("""COMPUTED_VALUE"""),"O-15572-00") -> O-15572-00 | D91: =if(isna(vlookup(C91,'On Hand'!A:C,3,0)),"",vlookup(C91,'On Hand'!A:C,3,0)) -> unt
A92: =IFERROR(__xludf.DUMMYFUNCTION("""COMPUTED_VALUE"""),"O-15573-00") -> O-15573-00 | B92: =IFERROR(__xludf.DUMMYFUNCTION("""COMPUTED_VALUE"""),"COUPLE OF SILICONE STRIPES FOR WASHING AND DRYING WHEELS EDM-2S; STERILINE; PART NO :18894") -> COUPLE OF SILICONE STRIPES FOR WASHING AND DRYING WHEELS EDM-2S; STERILINE; PART NO :18894 | C92: =IFERROR(__xludf.DUMMYFUNCTION("""COMPUTED_VALUE"""),"O-15573-00") -> O-15573-00 | D92: =if(isna(vlookup(C92,'On Hand'!A:C,3,0)),"",vlookup(C92,'On Hand'!A:C,3,0))
A93: =IFERROR(__xludf.DUMMYFUNCTION("""COMPUTED_VALUE"""),"O-15574-00") -> O-15574-00 | B93: =IFERROR(__xludf.DUMMYFUNCTION("""COMPUTED_VALUE"""),"COUPLING HUB: STERILINE ; GET 14 ALU-C DIAM-14; PART NO :200239") -> COUPLING HUB: STERILINE ; GET 14 ALU-C DIAM-14; PART NO :200239 | C93: =IFERROR(__xludf.DUMMYFUNCTION("""COMPUTED_VALUE"""),"O-15574-00") -> O-15574-00 | D93: =if(isna(vlookup(C93,'On Hand'!A:C,3,0)),"",vlookup(C93,'On Hand'!A:C,3,0))
A94: =IFERROR(__xludf.DUMMYFUNCTION("""COMPUTED_VALUE"""),"O-15575-00") -> O-15575-00 | B94: =IFERROR(__xludf.DUMMYFUNCTION("""COMPUTED_VALUE"""),"COUPLING HUB; STERILINE ; GE-T 19/24 ESEC. -C-FORO DIAM. 19; PART NO :200834") -> COUPLING HUB; STERILINE ; GE-T 19/24 ESEC. -C-FORO DIAM. 19; PART NO :200834 | C94: =IFERROR(__xludf.DUMMYFUNCTION("""COMPUTED_VALUE"""),"O-15575-00") -> O-15575-00 | D94: =if(isna(vlookup(C94,'On Hand'!A:C,3,0)),"",vlookup(C94,'On Hand'!A:C,3,0))
A95: =IFERROR(__xludf.DUMMYFUNCTION("""COMPUTED_VALUE"""),"O-15576-00") -> O-15576-00 | B95: =IFERROR(__xludf.DUMMYFUNCTION("""COMPUTED_VALUE"""),"DOOR GASKET RED SILICON; PART NO :PP600076") -> DOOR GASKET RED SILICON; PART NO :PP600076 | C95: =IFERROR(__xludf.DUMMYFUNCTION("""COMPUTED_VALUE"""),"O-15576-00") -> O-15576-00 | D95: =if(isna(vlookup(C95,'On Hand'!A:C,3,0)),"",vlookup(C95,'On Hand'!A:C,3,0))
A96: =IFERROR(__xludf.DUMMYFUNCTION("""COMPUTED_VALUE"""),"O-15577-00") -> O-15577-00 | B96: =IFERROR(__xludf.DUMMYFUNCTION("""COMPUTED_VALUE"""),"DOOR LOCKED/UNLOCKED LIMIT SWITCH(ADJUSTABLE ROLLER LEVER, 1NO+1NC,IP67)") -> DOOR LOCKED/UNLOCKED LIMIT SWITCH(ADJUSTABLE ROLLER LEVER, 1NO+1NC,IP67) | C96: =IFERROR(__xludf.DUMMYFUNCTION("""COMPUTED_VALUE"""),"O-15577-00") -> O-15577-00 | D96: =if(isna(vlookup(C96,'On Hand'!A:C,3,0)),"",vlookup(C96,'On Hand'!A:C,3,0))
A97: =IFERROR(__xludf.DUMMYFUNCTION("""COMPUTED_VALUE"""),"O-15578-00") -> O-15578-00 | B97: =IFERROR(__xludf.DUMMYFUNCTION("""COMPUTED_VALUE"""),"DOOR SEALING RING(?D?TYPE SILICON RUBBER 17X20 (7METERS))") -> DOOR SEALING RING(?D?TYPE SILICON RUBBER 17X20 (7METERS)) | C97: =IFERROR(__xludf.DUMMYFUNCTION("""COMPUTED_VALUE"""),"O-15578-00") -> O-15578-00 | D97: =if(isna(vlookup(C97,'On Hand'!A:C,3,0)),"",vlookup(C97,'On Hand'!A:C,3,0))
A98: =IFERROR(__xludf.DUMMYFUNCTION("""COMPUTED_VALUE"""),"O-15579-00") -> O-15579-00 | B98: =IFERROR(__xludf.DUMMYFUNCTION("""COMPUTED_VALUE"""),"DOOR GASKET SIDE 1; DG ;") -> DOOR GASKET SIDE 1; DG ; | C98: =IFERROR(__xludf.DUMMYFUNCTION("""COMPUTED_VALUE"""),"O-15579-00") -> O-15579-00 | D98: =if(isna(vlookup(C98,'On Hand'!A:C,3,0)),"",vlookup(C98,'On Hand'!A:C,3,0))
A99: =IFERROR(__xludf.DUMMYFUNCTION("""COMPUTED_VALUE"""),"O-15580-00") -> O-15580-00 | B99: =IFERROR(__xludf.DUMMYFUNCTION("""COMPUTED_VALUE"""),"DOOR GASKET SIDE 2; DG1 ;") -> DOOR GASKET SIDE 2; DG1 ; | C99: =IFERROR(__xludf.DUMMYFUNCTION("""COMPUTED_VALUE"""),"O-15580-00") -> O-15580-00 | D99: =if(isna(vlookup(C99,'On Hand'!A:C,3,0)),"",vlookup(C99,'On Hand'!A:C,3,0))
A100: =IFERROR(__xludf.DUMMYFUNCTION("""COMPUTED_VALUE"""),"O-15581-00") -> O-15581-00 | B100: =IFERROR(__xludf.DUMMYFUNCTION("""COMPUTED_VALUE"""),"DOOR SAFETY SWITCHES ; SCHMERSAL ; MAGNET BPS-260") -> DOOR SAFETY SWITCHES ; SCHMERSAL ; MAGNET BPS-260 | C100: =IFERROR(__xludf.DUMMYFUNCTION("""COMPUTED_VALUE"""),"O-15581-00") -> O-15581-00 | D100: =if(isna(vlookup(C100,'On Hand'!A:C,3,0)),"",vlookup(C100,'On Hand'!A:C,3,0))
...

Sheet On Hand
A1: =IFERROR(__xludf.DUMMYFUNCTION("importrange(""1xC-uAlt1jPkVMJk3mS5BBJv2KXQQM32TIOguKnEzvGo"",""Inventory Tarikan Oracle!A:E"")"),"Item") -> Item | B1: =IFERROR(__xludf.DUMMYFUNCTION("""COMPUTED_VALUE"""),"Item Description") -> Item Description | C1: =IFERROR(__xludf.DUMMYFUNCTION("""COMPUTED_VALUE"""),"Primary UOM") -> Primary UOM | D1: =IFERROR(__xludf.DUMMYFUNCTION("""COMPUTED_VALUE"""),"On-hand") -> On-hand | E1: =IFERROR(__xludf.DUMMYFUNCTION("""COMPUTED_VALUE"""),"Lokator") -> Lokator
A2: =IFERROR(__xludf.DUMMYFUNCTION("""COMPUTED_VALUE"""),"O-19039-00") -> O-19039-00 | B2: =IFERROR(__xludf.DUMMYFUNCTION("""COMPUTED_VALUE"""),"General - Vent Filter Feed Water Tank KP 1 Emflon II Capsule 0.2 m; Pall; KA1V002PV3; 1 Pc") -> General - Vent Filter Feed Water Tank KP 1 Emflon II Capsule 0.2 m; Pall; KA1V002PV3; 1 Pc | C2: =IFERROR(__xludf.DUMMYFUNCTION("""COMPUTED_VALUE"""),"pc") -> pc | D2: =IFERROR(__xludf.DUMMYFUNCTION("""COMPUTED_VALUE"""),3.0) -> 3 | E2: =IFERROR(__xludf.DUMMYFUNCTION("""COMPUTED_VALUE"""),"E-3") -> E-3
A3: =IFERROR(__xludf.DUMMYFUNCTION("""COMPUTED_VALUE"""),"O-14639-00") -> O-14639-00 | B3: =IFERROR(__xludf.DUMMYFUNCTION("""COMPUTED_VALUE"""),"General - EPDM Gasket for Ferrule dia. 1/2""; -; -; 1 pc") -> General - EPDM Gasket for Ferrule dia. 1/2"; -; -; 1 pc | C3: =IFERROR(__xludf.DUMMYFUNCTION("""COMPUTED_VALUE"""),"pc") -> pc | D3: =IFERROR(__xludf.DUMMYFUNCTION("""COMPUTED_VALUE"""),16.0) -> 16 | E3: =IFERROR(__xludf.DUMMYFUNCTION("""COMPUTED_VALUE"""),"M-2") -> M-2
A4: =IFERROR(__xludf.DUMMYFUNCTION("""COMPUTED_VALUE"""),"O-14642-00") -> O-14642-00 | B4: =IFERROR(__xludf.DUMMYFUNCTION("""COMPUTED_VALUE"""),"General - Silicone Gasket for Ferrule dia. 2,5""; -; -; 1 Pc") -> General - Silicone Gasket for Ferrule dia. 2,5"; -; -; 1 Pc | C4: =IFERROR(__xludf.DUMMYFUNCTION("""COMPUTED_VALUE"""),"pc") -> pc | D4: =IFERROR(__xludf.DUMMYFUNCTION("""COMPUTED_VALUE"""),6.0) -> 6 | E4: =IFERROR(__xludf.DUMMYFUNCTION("""COMPUTED_VALUE"""),"M3") -> M3
A5: =IFERROR(__xludf.DUMMYFUNCTION("""COMPUTED_VALUE"""),"O-14644-00") -> O-14644-00 | B5: =IFERROR(__xludf.DUMMYFUNCTION("""COMPUTED_VALUE"""),"General - Silicone Gasket for Ferrule dia. 4""; -; -; 1 Pc") -> General - Silicone Gasket for Ferrule dia. 4"; -; -; 1 Pc | C5: =IFERROR(__xludf.DUMMYFUNCTION("""COMPUTED_VALUE"""),"pc") -> pc | D5: =IFERROR(__xludf.DUMMYFUNCTION("""COMPUTED_VALUE"""),8.0) -> 8 | E5: =IFERROR(__xludf.DUMMYFUNCTION("""COMPUTED_VALUE"""),"M3") -> M3
A6: =IFERROR(__xludf.DUMMYFUNCTION("""COMPUTED_VALUE"""),"O-11173-00") -> O-11173-00 | B6: =IFERROR(__xludf.DUMMYFUNCTION("""COMPUTED_VALUE"""),"General - Bearing 6208; SKF; -; 1 pcs") -> General - Bearing 6208; SKF; -; 1 pcs | C6: =IFERROR(__xludf.DUMMYFUNCTION("""COMPUTED_VALUE"""),"pc") -> pc | D6: =IFERROR(__xludf.DUMMYFUNCTION("""COMPUTED_VALUE"""),8.0) -> 8 | E6: =IFERROR(__xludf.DUMMYFUNCTION("""COMPUTED_VALUE"""),"G-2") -> G-2
A7: =IFERROR(__xludf.DUMMYFUNCTION("""COMPUTED_VALUE"""),"O-18694-00") -> O-18694-00 | B7: =IFERROR(__xludf.DUMMYFUNCTION("""COMPUTED_VALUE"""),"Autoclave Fedegari FVA2/A1 NB2963AT - DN22 Blind CAP P/N: PM102748; ; ;") -> Autoclave Fedegari FVA2/A1 NB2963AT - DN22 Blind CAP P/N: PM102748; ; ; | C7: =IFERROR(__xludf.DUMMYFUNCTION("""COMPUTED_VALUE"""),"pc") -> pc | D7: =IFERROR(__xludf.DUMMYFUNCTION("""COMPUTED_VALUE"""),2.0) -> 2 | E7: =IFERROR(__xludf.DUMMYFUNCTION("""COMPUTED_VALUE"""),"E-3-5") -> E-3-5
A8: =IFERROR(__xludf.DUMMYFUNCTION("""COMPUTED_VALUE"""),"O-17073-00") -> O-17073-00 | B8: =IFERROR(__xludf.DUMMYFUNCTION("""COMPUTED_VALUE"""),"Capping VCM210 - Plate Capping; Custom/Lokal; -; 1 Pc") -> Capping VCM210 - Plate Capping; Custom/Lokal; -; 1 Pc | C8: =IFERROR(__xludf.DUMMYFUNCTION("""COMPUTED_VALUE"""),"pc") -> pc | D8: =IFERROR(__xludf.DUMMYFUNCTION("""COMPUTED_VALUE"""),2.0) -> 2 | E8: =IFERROR(__xludf.DUMMYFUNCTION("""COMPUTED_VALUE"""),"A-1-7") -> A-1-7
A9: =IFERROR(__xludf.DUMMYFUNCTION("""COMPUTED_VALUE"""),"P-13368-00") -> P-13368-00 | B9: =IFERROR(__xludf.DUMMYFUNCTION("""COMPUTED_VALUE"""),"PS300X Air Flow Switch; Regin Control; ;") -> PS300X Air Flow Switch; Regin Control; ; | C9: =IFERROR(__xludf.DUMMYFUNCTION("""COMPUTED_VALUE"""),"unt") -> unt | D9: =IFERROR(__xludf.DUMMYFUNCTION("""COMPUTED_VALUE"""),1.0) -> 1 | E9: =IFERROR(__xludf.DUMMYFUNCTION("""COMPUTED_VALUE"""),"L3") -> L3
A10: =IFERROR(__xludf.DUMMYFUNCTION("""COMPUTED_VALUE"""),"O-18447-00") -> O-18447-00 | B10: =IFERROR(__xludf.DUMMYFUNCTION("""COMPUTED_VALUE"""),"General - Silicone Guide Outfeed; Custom/Lokal; -; 1 Pc") -> General - Silicone Guide Outfeed; Custom/Lokal; -; 1 Pc | C10: =IFERROR(__xludf.DUMMYFUNCTION("""COMPUTED_VALUE"""),"pc") -> pc | D10: =IFERROR(__xludf.DUMMYFUNCTION("""COMPUTED_VALUE"""),1.0) -> 1
A11: =IFERROR(__xludf.DUMMYFUNCTION("""COMPUTED_VALUE"""),"O-52702-00") -> O-52702-00 | B11: =IFERROR(__xludf.DUMMYFUNCTION("""COMPUTED_VALUE"""),"Autoclave Machine - AQUATEC PUMP 8883-2L01-X704 230-50; Fedegari; CF030259; 1 Pc") -> Autoclave Machine - AQUATEC PUMP 8883-2L01-X704 230-50; Fedegari; CF030259; 1 Pc | C11: =IFERROR(__xludf.DUMMYFUNCTION("""COMPUTED_VALUE"""),"pc") -> pc | D11: =IFERROR(__xludf.DUMMYFUNCTION("""COMPUTED_VALUE"""),1.0) -> 1 | E11: =IFERROR(__xludf.DUMMYFUNCTION("""COMPUTED_VALUE"""),"E-3-7") -> E-3-7
A12: =IFERROR(__xludf.DUMMYFUNCTION("""COMPUTED_VALUE"""),"O-15490-00") -> O-15490-00 | B12: =IFERROR(__xludf.DUMMYFUNCTION("""COMPUTED_VALUE"""),"B63 Brand : Optibelt / Bando Merah; Optibelt; ;") -> B63 Brand : Optibelt / Bando Merah; Optibelt; ; | C12: =IFERROR(__xludf.DUMMYFUNCTION("""COMPUTED_VALUE"""),"pc") -> pc | D12: =IFERROR(__xludf.DUMMYFUNCTION("""COMPUTED_VALUE"""),4.0) -> 4 | E12: =IFERROR(__xludf.DUMMYFUNCTION("""COMPUTED_VALUE"""),"L2") -> L2
A13: =IFERROR(__xludf.DUMMYFUNCTION("""COMPUTED_VALUE"""),"P-15351-00") -> P-15351-00 | B13: =IFERROR(__xludf.DUMMYFUNCTION("""COMPUTED_VALUE"""),"General - Plastic Tubing, PUN-10X1,5-BL; Festo; 159668; 1 m") -> General - Plastic Tubing, PUN-10X1,5-BL; Festo; 159668; 1 m | C13: =IFERROR(__xludf.DUMMYFUNCTION("""COMPUTED_VALUE"""),"pc") -> pc | D13: =IFERROR(__xludf.DUMMYFUNCTION("""COMPUTED_VALUE"""),44.0) -> 44 | E13: =IFERROR(__xludf.DUMMYFUNCTION("""COMPUTED_VALUE"""),"Atas Flammable") -> Atas Flammable
A14: =IFERROR(__xludf.DUMMYFUNCTION("""COMPUTED_VALUE"""),"Q-60006-00") -> Q-60006-00 | B14: =IFERROR(__xludf.DUMMYFUNCTION("""COMPUTED_VALUE"""),"Dempul Kayu;Sanpolac;;pack size per 1 kg pack") -> Dempul Kayu;Sanpolac;;pack size per 1 kg pack | C14: =IFERROR(__xludf.DUMMYFUNCTION("""COMPUTED_VALUE"""),"Kg") -> Kg | D14: =IFERROR(__xludf.DUMMYFUNCTION("""COMPUTED_VALUE"""),2.0) -> 2 | E14: =IFERROR(__xludf.DUMMYFUNCTION("""COMPUTED_VALUE"""),"Flammable") -> Flammable
A15: =IFERROR(__xludf.DUMMYFUNCTION("""COMPUTED_VALUE"""),"P-17260-00") -> P-17260-00 | B15: =IFERROR(__xludf.DUMMYFUNCTION("""COMPUTED_VALUE"""),"General - Oil seal G. size. 14 x 20 x 3 mm; No Brand; -; 1 pc") -> General - Oil seal G. size. 14 x 20 x 3 mm; No Brand; -; 1 pc | C15: =IFERROR(__xludf.DUMMYFUNCTION("""COMPUTED_VALUE"""),"pc") -> pc | D15: =IFERROR(__xludf.DUMMYFUNCTION("""COMPUTED_VALUE"""),5.0) -> 5 | E15: =IFERROR(__xludf.DUMMYFUNCTION("""COMPUTED_VALUE"""),"E-3-1C") -> E-3-1C
A16: =IFERROR(__xludf.DUMMYFUNCTION("""COMPUTED_VALUE"""),"O-19379-00") -> O-19379-00 | B16: =IFERROR(__xludf.DUMMYFUNCTION("""COMPUTED_VALUE"""),"General - Oli Refrigeration; Xaerus; XR 534-46; 1 Pc") -> General - Oli Refrigeration; Xaerus; XR 534-46; 1 Pc | C16: =IFERROR(__xludf.DUMMYFUNCTION("""COMPUTED_VALUE"""),"Can") -> Can | D16: =IFERROR(__xludf.DUMMYFUNCTION("""COMPUTED_VALUE"""),10.0) -> 10 | E16: =IFERROR(__xludf.DUMMYFUNCTION("""COMPUTED_VALUE"""),"D-4-1") -> D-4-1
A17: =IFERROR(__xludf.DUMMYFUNCTION("""COMPUTED_VALUE"""),"O-18560-00") -> O-18560-00 | B17: =IFERROR(__xludf.DUMMYFUNCTION("""COMPUTED_VALUE"""),"FD Lyofast 10 - hydraulically Balanced Valve (EB02-00595); Dana; M8596N002; 1 pc") -> FD Lyofast 10 - hydraulically Balanced Valve (EB02-00595); Dana; M8596N002; 1 pc | C17: =IFERROR(__xludf.DUMMYFUNCTION("""COMPUTED_VALUE"""),"pc") -> pc | D17: =IFERROR(__xludf.DUMMYFUNCTION("""COMPUTED_VALUE"""),1.0) -> 1 | E17: =IFERROR(__xludf.DUMMYFUNCTION("""COMPUTED_VALUE"""),"D-2") -> D-2
A18: =IFERROR(__xludf.DUMMYFUNCTION("""COMPUTED_VALUE"""),"O-21430-00") -> O-21430-00 | B18: =IFERROR(__xludf.DUMMYFUNCTION("""COMPUTED_VALUE"""),"Blister TR100LT - Teflon Forming 568 ukuran 11.5x19; Custom/Lokal; ; 1 Pc") -> Blister TR100LT - Teflon Forming 568 ukuran 11.5x19; Custom/Lokal; ; 1 Pc | C18: =IFERROR(__xludf.DUMMYFUNCTION("""COMPUTED_VALUE"""),"pc") -> pc | D18: =IFERROR(__xludf.DUMMYFUNCTION("""COMPUTED_VALUE"""),30.0) -> 30 | E18: =IFERROR(__xludf.DUMMYFUNCTION("""COMPUTED_VALUE"""),"-") -> -
A19: =IFERROR(__xludf.DUMMYFUNCTION("""COMPUTED_VALUE"""),"O-14510-00") -> O-14510-00 | B19: =IFERROR(__xludf.DUMMYFUNCTION("""COMPUTED_VALUE"""),"General - Flow Control With Fitting, AS2201F-02-08SA; SMC Pneumatics; -; 1 pcs") -> General - Flow Control With Fitting, AS2201F-02-08SA; SMC Pneumatics; -; 1 pcs | C19: =IFERROR(__xludf.DUMMYFUNCTION("""COMPUTED_VALUE"""),"pc") -> pc | D19: =IFERROR(__xludf.DUMMYFUNCTION("""COMPUTED_VALUE"""),4.0) -> 4 | E19: =IFERROR(__xludf.DUMMYFUNCTION("""COMPUTED_VALUE"""),"E-4-1C") -> E-4-1C
A20: =IFERROR(__xludf.DUMMYFUNCTION("""COMPUTED_VALUE"""),"O-17313-00") -> O-17313-00 | B20: =IFERROR(__xludf.DUMMYFUNCTION("""COMPUTED_VALUE"""),"General - Breathing Circuit Filter; PALL; BB50T; 1 Pc") -> General - Breathing Circuit Filter; PALL; BB50T; 1 Pc | C20: =IFERROR(__xludf.DUMMYFUNCTION("""COMPUTED_VALUE"""),"pc") -> pc | D20: =IFERROR(__xludf.DUMMYFUNCTION("""COMPUTED_VALUE"""),38.0) -> 38 | E20: =IFERROR(__xludf.DUMMYFUNCTION("""COMPUTED_VALUE"""),"F2") -> F2
A21: =IFERROR(__xludf.DUMMYFUNCTION("""COMPUTED_VALUE"""),"P-17360-00") -> P-17360-00 | B21: =IFERROR(__xludf.DUMMYFUNCTION("""COMPUTED_VALUE"""),"General - O-ring EPDM 22.5 x 15.5 x 3.5 mm; No Brand; -; 1 pc") -> General - O-ring EPDM 22.5 x 15.5 x 3.5 mm; No Brand; -; 1 pc | C21: =IFERROR(__xludf.DUMMYFUNCTION("""COMPUTED_VALUE"""),"pc") -> pc | D21: =IFERROR(__xludf.DUMMYFUNCTION("""COMPUTED_VALUE"""),4.0) -> 4 | E21: =IFERROR(__xludf.DUMMYFUNCTION("""COMPUTED_VALUE"""),"E-3-5") -> E-3-5
A22: =IFERROR(__xludf.DUMMYFUNCTION("""COMPUTED_VALUE"""),"P-12083-00") -> P-12083-00 | B22: =IFERROR(__xludf.DUMMYFUNCTION("""COMPUTED_VALUE"""),"General - Clamp Selang, SS, 1/2""; Tridon; -; 1 pcs") -> General - Clamp Selang, SS, 1/2"; Tridon; -; 1 pcs | C22: =IFERROR(__xludf.DUMMYFUNCTION("""COMPUTED_VALUE"""),"pc") -> pc | D22: =IFERROR(__xludf.DUMMYFUNCTION("""COMPUTED_VALUE"""),3.0) -> 3
A23: =IFERROR(__xludf.DUMMYFUNCTION("""COMPUTED_VALUE"""),"P-18470-00") -> P-18470-00 | B23: =IFERROR(__xludf.DUMMYFUNCTION("""COMPUTED_VALUE"""),"General - HXNHFFLT-SUS-M5-10; Misumi; -; 1 Pc") -> General - HXNHFFLT-SUS-M5-10; Misumi; -; 1 Pc | C23: =IFERROR(__xludf.DUMMYFUNCTION("""COMPUTED_VALUE"""),"pc") -> pc | D23: =IFERROR(__xludf.DUMMYFUNCTION("""COMPUTED_VALUE"""),22.0) -> 22 | E23: =IFERROR(__xludf.DUMMYFUNCTION("""COMPUTED_VALUE"""),"B-2-1B") -> B-2-1B
A24: =IFERROR(__xludf.DUMMYFUNCTION("""COMPUTED_VALUE"""),"O-51850-00") -> O-51850-00 | B24: =IFERROR(__xludf.DUMMYFUNCTION("""COMPUTED_VALUE"""),"General - Power Supply 220 VAC 12 VDC, 3 Ampere; -; -; 1 Pc") -> General - Power Supply 220 VAC 12 VDC, 3 Ampere; -; -; 1 Pc | C24: =IFERROR(__xludf.DUMMYFUNCTION("""COMPUTED_VALUE"""),"pc") -> pc | D24: =IFERROR(__xludf.DUMMYFUNCTION("""COMPUTED_VALUE"""),3.0) -> 3 | E24: =IFERROR(__xludf.DUMMYFUNCTION("""COMPUTED_VALUE"""),"L3") -> L3
A25: =IFERROR(__xludf.DUMMYFUNCTION("""COMPUTED_VALUE"""),"P-51812-00") -> P-51812-00 | B25: =IFERROR(__xludf.DUMMYFUNCTION("""COMPUTED_VALUE"""),"Indoor Sirene; ; ;") -> Indoor Sirene; ; ; | C25: =IFERROR(__xludf.DUMMYFUNCTION("""COMPUTED_VALUE"""),"unt") -> unt | D25: =IFERROR(__xludf.DUMMYFUNCTION("""COMPUTED_VALUE"""),1.0) -> 1 | E25: =IFERROR(__xludf.DUMMYFUNCTION("""COMPUTED_VALUE"""),"F-2-3A") -> F-2-3A
A26: =IFERROR(__xludf.DUMMYFUNCTION("""COMPUTED_VALUE"""),"P-19569-00") -> P-19569-00 | B26: =IFERROR(__xludf.DUMMYFUNCTION("""COMPUTED_VALUE"""),"General - Sanitary Diaphragma Pressure Gauge, SS 304, dia 4inch, Range 0-10 Bar; SPV; TTXX00XX0180; 1 pcs") -> General - Sanitary Diaphragma Pressure Gauge, SS 304, dia 4inch, Range 0-10 Bar; SPV; TTXX00XX0180; 1 pcs | C26: =IFERROR(__xludf.DUMMYFUNCTION("""COMPUTED_VALUE"""),"pc") -> pc | D26: =IFERROR(__xludf.DUMMYFUNCTION("""COMPUTED_VALUE"""),2.0) -> 2 | E26: =IFERROR(__xludf.DUMMYFUNCTION("""COMPUTED_VALUE"""),"L-4") -> L-4
A27: =IFERROR(__xludf.DUMMYFUNCTION("""COMPUTED_VALUE"""),"P-18279-00") -> P-18279-00 | B27: =IFERROR(__xludf.DUMMYFUNCTION("""COMPUTED_VALUE"""),"General - Freon R134A; Refrigerant; -; 1 pc") -> General - Freon R134A; Refrigerant; -; 1 pc | C27: =IFERROR(__xludf.DUMMYFUNCTION("""COMPUTED_VALUE"""),"Can") -> Can | D27: =IFERROR(__xludf.DUMMYFUNCTION("""COMPUTED_VALUE"""),1.0) -> 1 | E27: =IFERROR(__xludf.DUMMYFUNCTION("""COMPUTED_VALUE"""),"N1") -> N1
A28: =IFERROR(__xludf.DUMMYFUNCTION("""COMPUTED_VALUE"""),"O-20897-00") -> O-20897-00 | B28: =IFERROR(__xludf.DUMMYFUNCTION("""COMPUTED_VALUE"""),"Capping VCM200 - Oring Silicone 2.5 x 30.50 x 30.50; Custom/Lokal; -; 1 Pc") -> Capping VCM200 - Oring Silicone 2.5 x 30.50 x 30.50; Custom/Lokal; -; 1 Pc | C28: =IFERROR(__xludf.DUMMYFUNCTION("""COMPUTED_VALUE"""),"pc") -> pc | D28: =IFERROR(__xludf.DUMMYFUNCTION("""COMPUTED_VALUE"""),20.0) -> 20 | E28: =IFERROR(__xludf.DUMMYFUNCTION("""COMPUTED_VALUE"""),"A-1-1") -> A-1-1
A29: =IFERROR(__xludf.DUMMYFUNCTION("""COMPUTED_VALUE"""),"T-20146-00") -> T-20146-00 | B29: =IFERROR(__xludf.DUMMYFUNCTION("""COMPUTED_VALUE"""),"Inlab Cable MultiPin-BNC/RCA 1.2m cat no 30281896; Mettler Toledo; c/n 30281896; 1 pc") -> Inlab Cable MultiPin-BNC/RCA 1.2m cat no 30281896; Mettler Toledo; c/n 30281896; 1 pc | C29: =IFERROR(__xludf.DUMMYFUNCTION("""COMPUTED_VALUE"""),"pc") -> pc | D29: =IFERROR(__xludf.DUMMYFUNCTION("""COMPUTED_VALUE"""),1.0) -> 1 | E29: =IFERROR(__xludf.DUMMYFUNCTION("""COMPUTED_VALUE"""),"F-2-4B") -> F-2-4B
A30: =IFERROR(__xludf.DUMMYFUNCTION("""COMPUTED_VALUE"""),"Q-10572-00") -> Q-10572-00 | B30: =IFERROR(__xludf.DUMMYFUNCTION("""COMPUTED_VALUE"""),"Lampu LED Tube TL T8 16W 1200 mm;Philips;;pack size per pcs") -> Lampu LED Tube TL T8 16W 1200 mm;Philips;;pack size per pcs | C30: =IFERROR(__xludf.DUMMYFUNCTION("""COMPUTED_VALUE"""),"pc") -> pc | D30: =IFERROR(__xludf.DUMMYFUNCTION("""COMPUTED_VALUE"""),4.0) -> 4 | E30: =IFERROR(__xludf.DUMMYFUNCTION("""COMPUTED_VALUE"""),"O4") -> O4
A31: =IFERROR(__xludf.DUMMYFUNCTION("""COMPUTED_VALUE"""),"P-53293-00") -> P-53293-00 | B31: =IFERROR(__xludf.DUMMYFUNCTION("""COMPUTED_VALUE"""),"General - Lampu Emergency TL LED 16W Waterproof IP65; Briliant; -; 1 pc") -> General - Lampu Emergency TL LED 16W Waterproof IP65; Briliant; -; 1 pc | C31: =IFERROR(__xludf.DUMMYFUNCTION("""COMPUTED_VALUE"""),"pc") -> pc | D31: =IFERROR(__xludf.DUMMYFUNCTION("""COMPUTED_VALUE"""),11.0) -> 11
A32: =IFERROR(__xludf.DUMMYFUNCTION("""COMPUTED_VALUE"""),"P-51857-00") -> P-51857-00 | B32: =IFERROR(__xludf.DUMMYFUNCTION("""COMPUTED_VALUE"""),"General - Contact Block SA-CBM; Autonics; -; 1 pc") -> General - Contact Block SA-CBM; Autonics; -; 1 pc | C32: =IFERROR(__xludf.DUMMYFUNCTION("""COMPUTED_VALUE"""),"pc") -> pc | D32: =IFERROR(__xludf.DUMMYFUNCTION("""COMPUTED_VALUE"""),2.0) -> 2 | E32: =IFERROR(__xludf.DUMMYFUNCTION("""COMPUTED_VALUE"""),"F-2-2D") -> F-2-2D
A33: =IFERROR(__xludf.DUMMYFUNCTION("""COMPUTED_VALUE"""),"P-10398-00") -> P-10398-00 | B33: =IFERROR(__xludf.DUMMYFUNCTION("""COMPUTED_VALUE"""),"General - Ball Valve SS316 1/2inch 1000 WOG; Sankyo; -; 1 Pc") -> General - Ball Valve SS316 1/2inch 1000 WOG; Sankyo; -; 1 Pc | C33: =IFERROR(__xludf.DUMMYFUNCTION("""COMPUTED_VALUE"""),"pc") -> pc | D33: =IFERROR(__xludf.DUMMYFUNCTION("""COMPUTED_VALUE"""),1.0) -> 1 | E33: =IFERROR(__xludf.DUMMYFUNCTION("""COMPUTED_VALUE"""),"F-1") -> F-1
A34: =IFERROR(__xludf.DUMMYFUNCTION("""COMPUTED_VALUE"""),"P-52975-00") -> P-52975-00 | B34: =IFERROR(__xludf.DUMMYFUNCTION("""COMPUTED_VALUE"""),"General - Limit Switch IP65; EWIG; E8108; 1 pc") -> General - Limit Switch IP65; EWIG; E8108; 1 pc | C34: =IFERROR(__xludf.DUMMYFUNCTION("""COMPUTED_VALUE"""),"pc") -> pc | D34: =IFERROR(__xludf.DUMMYFUNCTION("""COMPUTED_VALUE"""),3.0) -> 3 | E34: =IFERROR(__xludf.DUMMYFUNCTION("""COMPUTED_VALUE"""),"A-4-10A") -> A-4-10A
A35: =IFERROR(__xludf.DUMMYFUNCTION("""COMPUTED_VALUE"""),"O-54167-00") -> O-54167-00 | B35: =IFERROR(__xludf.DUMMYFUNCTION("""COMPUTED_VALUE"""),"General - Connector Cable CLD408-5; Autonics; H7950000609; 1 Pc") -> General - Connector Cable CLD408-5; Autonics; H7950000609; 1 Pc | C35: =IFERROR(__xludf.DUMMYFUNCTION("""COMPUTED_VALUE"""),"pc") -> pc | D35: =IFERROR(__xludf.DUMMYFUNCTION("""COMPUTED_VALUE"""),2.0) -> 2 | E35: =IFERROR(__xludf.DUMMYFUNCTION("""COMPUTED_VALUE"""),"B-2-3") -> B-2-3
A36: =IFERROR(__xludf.DUMMYFUNCTION("""COMPUTED_VALUE"""),"P-50138-00") -> P-50138-00 | B36: =IFERROR(__xludf.DUMMYFUNCTION("""COMPUTED_VALUE"""),"Battery Lithium / Buffer TL-2150 size 1/2 AA") -> Battery Lithium / Buffer TL-2150 size 1/2 AA | C36: =IFERROR(__xludf.DUMMYFUNCTION("""COMPUTED_VALUE"""),"pc") -> pc | D36: =IFERROR(__xludf.DUMMYFUNCTION("""COMPUTED_VALUE"""),6.0) -> 6 | E36: =IFERROR(__xludf.DUMMYFUNCTION("""COMPUTED_VALUE"""),"G-3") -> G-3
A37: =IFERROR(__xludf.DUMMYFUNCTION("""COMPUTED_VALUE"""),"P-13754-00") -> P-13754-00 | B37: =IFERROR(__xludf.DUMMYFUNCTION("""COMPUTED_VALUE"""),"General - Electromotoric actuator, 400 N, 5.5 mm, AC 24 V, DC 0...10 V; Siemens; SQS65; 1 pcs") -> General - Electromotoric actuator, 400 N, 5.5 mm, AC 24 V, DC 0...10 V; Siemens; SQS65; 1 pcs | C37: =IFERROR(__xludf.DUMMYFUNCTION("""COMPUTED_VALUE"""),"unt") -> unt | D37: =IFERROR(__xludf.DUMMYFUNCTION("""COMPUTED_VALUE"""),1.0) -> 1 | E37: =IFERROR(__xludf.DUMMYFUNCTION("""COMPUTED_VALUE"""),"L-3") -> L-3
A38: =IFERROR(__xludf.DUMMYFUNCTION("""COMPUTED_VALUE"""),"O-14617-00") -> O-14617-00 | B38: =IFERROR(__xludf.DUMMYFUNCTION("""COMPUTED_VALUE"""),"General - Solenoid valve 2/2 ways NC 4,5mm; Steriline; 28582; 1 Pc") -> General - Solenoid valve 2/2 ways NC 4,5mm; Steriline; 28582; 1 Pc | C38: =IFERROR(__xludf.DUMMYFUNCTION("""COMPUTED_VALUE"""),"unt") -> unt | D38: =IFERROR(__xludf.DUMMYFUNCTION("""COMPUTED_VALUE"""),2.0) -> 2 | E38: =IFERROR(__xludf.DUMMYFUNCTION("""COMPUTED_VALUE"""),"B-2-4C") -> B-2-4C
A39: =IFERROR(__xludf.DUMMYFUNCTION("""COMPUTED_VALUE"""),"P-14974-00") -> P-14974-00 | B39: =IFERROR(__xludf.DUMMYFUNCTION("""COMPUTED_VALUE"""),"General - Socket AW 2 1/2inch; Rucika; -; 1 pcs") -> General - Socket AW 2 1/2inch; Rucika; -; 1 pcs | C39: =IFERROR(__xludf.DUMMYFUNCTION("""COMPUTED_VALUE"""),"pc") -> pc | D39: =IFERROR(__xludf.DUMMYFUNCTION("""COMPUTED_VALUE"""),3.0) -> 3 | E39: =IFERROR(__xludf.DUMMYFUNCTION("""COMPUTED_VALUE"""),"F3") -> F3
A40: =IFERROR(__xludf.DUMMYFUNCTION("""COMPUTED_VALUE"""),"P-19659-00") -> P-19659-00 | B40: =IFERROR(__xludf.DUMMYFUNCTION("""COMPUTED_VALUE"""),"General - Dop, PVC AW, 3/4""; Rucika; -; 1 pc") -> General - Dop, PVC AW, 3/4"; Rucika; -; 1 pc | C40: =IFERROR(__xludf.DUMMYFUNCTION("""COMPUTED_VALUE"""),"pc") -> pc | D40: =IFERROR(__xludf.DUMMYFUNCTION("""COMPUTED_VALUE"""),4.0) -> 4
A41: =IFERROR(__xludf.DUMMYFUNCTION("""COMPUTED_VALUE"""),"P-19304-00") -> P-19304-00 | B41: =IFERROR(__xludf.DUMMYFUNCTION("""COMPUTED_VALUE"""),"General - Diaphragm Valve PTFE/EPDM DN 10 - 20 Type 612, 625; Gemu; P/N : 600 10M 54;") -> General - Diaphragm Valve PTFE/EPDM DN 10 - 20 Type 612, 625; Gemu; P/N : 600 10M 54; | C41: =IFERROR(__xludf.DUMMYFUNCTION("""COMPUTED_VALUE"""),"pc") -> pc | D41: =IFERROR(__xludf.DUMMYFUNCTION("""COMPUTED_VALUE"""),4.0) -> 4 | E41: =IFERROR(__xludf.DUMMYFUNCTION("""COMPUTED_VALUE"""),"L3") -> L3
A42: =IFERROR(__xludf.DUMMYFUNCTION("""COMPUTED_VALUE"""),"O-54174-00") -> O-54174-00 | B42: =IFERROR(__xludf.DUMMYFUNCTION("""COMPUTED_VALUE"""),"cRABS z064CR - Control Unit for Security Phot; Steriline; 5914; 1 Pc") -> cRABS z064CR - Control Unit for Security Phot; Steriline; 5914; 1 Pc | C42: =IFERROR(__xludf.DUMMYFUNCTION("""COMPUTED_VALUE"""),"pc") -> pc | D42: =IFERROR(__xludf.DUMMYFUNCTION("""COMPUTED_VALUE"""),1.0) -> 1 | E42: =IFERROR(__xludf.DUMMYFUNCTION("""COMPUTED_VALUE"""),"B-3-4C") -> B-3-4C
A43: =IFERROR(__xludf.DUMMYFUNCTION("""COMPUTED_VALUE"""),"O-53096-00") -> O-53096-00 | B43: =IFERROR(__xludf.DUMMYFUNCTION("""COMPUTED_VALUE"""),"FD S/N MBE1207 - Proximity Switch E2E-XB1D12 2M; Omron; EB22-00837;") -> FD S/N MBE1207 - Proximity Switch E2E-XB1D12 2M; Omron; EB22-00837; | C43: =IFERROR(__xludf.DUMMYFUNCTION("""COMPUTED_VALUE"""),"pc") -> pc | D43: =IFERROR(__xludf.DUMMYFUNCTION("""COMPUTED_VALUE"""),2.0) -> 2 | E43: =IFERROR(__xludf.DUMMYFUNCTION("""COMPUTED_VALUE"""),"D-1-9B") -> D-1-9B
A44: =IFERROR(__xludf.DUMMYFUNCTION("""COMPUTED_VALUE"""),"P-14459-00") -> P-14459-00 | B44: =IFERROR(__xludf.DUMMYFUNCTION("""COMPUTED_VALUE"""),"General - Filter IAF HB Series (Hepa Filter) H14, Min Eff : 99,999 % on 0.3 micron, Size: 610x610x93 mm; IAF; -; 1 pcs") -> General - Filter IAF HB Series (Hepa Filter) H14, Min Eff : 99,999 % on 0.3 micron, Size: 610x610x93 mm; IAF; -; 1 pcs | C44: =IFERROR(__xludf.DUMMYFUNCTION("""COMPUTED_VALUE"""),"pc") -> pc | D44: =IFERROR(__xludf.DUMMYFUNCTION("""COMPUTED_VALUE"""),2.0) -> 2 | E44: =IFERROR(__xludf.DUMMYFUNCTION("""COMPUTED_VALUE"""),"Ruang Filter") -> Ruang Filter
A45: =IFERROR(__xludf.DUMMYFUNCTION("""COMPUTED_VALUE"""),"P-11886-00") -> P-11886-00 | B45: =IFERROR(__xludf.DUMMYFUNCTION("""COMPUTED_VALUE"""),"Baut SS L countersunk M 4x0.7x10mm + Mur") -> Baut SS L countersunk M 4x0.7x10mm + Mur | C45: =IFERROR(__xludf.DUMMYFUNCTION("""COMPUTED_VALUE"""),"pc") -> pc | D45: =IFERROR(__xludf.DUMMYFUNCTION("""COMPUTED_VALUE"""),100.0) -> 100 | E45: =IFERROR(__xludf.DUMMYFUNCTION("""COMPUTED_VALUE"""),"S-2-11") -> S-2-11
A46: =IFERROR(__xludf.DUMMYFUNCTION("""COMPUTED_VALUE"""),"P-18556-00") -> P-18556-00 | B46: =IFERROR(__xludf.DUMMYFUNCTION("""COMPUTED_VALUE"""),"General - Baut L, SS 304, M3 x 10 mm + Mur; No Brand; -; 1 pcs") -> General - Baut L, SS 304, M3 x 10 mm + Mur; No Brand; -; 1 pcs | C46: =IFERROR(__xludf.DUMMYFUNCTION("""COMPUTED_VALUE"""),"pc") -> pc | D46: =IFERROR(__xludf.DUMMYFUNCTION("""COMPUTED_VALUE"""),100.0) -> 100 | E46: =IFERROR(__xludf.DUMMYFUNCTION("""COMPUTED_VALUE"""),"S-2-11") -> S-2-11
A47: =IFERROR(__xludf.DUMMYFUNCTION("""COMPUTED_VALUE"""),"P-19848-00") -> P-19848-00 | B47: =IFERROR(__xludf.DUMMYFUNCTION("""COMPUTED_VALUE"""),"General - Kawat Las Elektrode uk. 2,6x300mm; Niko Steel; NSN-308; 1 pc") -> General - Kawat Las Elektrode uk. 2,6x300mm; Niko Steel; NSN-308; 1 pc | C47: =IFERROR(__xludf.DUMMYFUNCTION("""COMPUTED_VALUE"""),"pc") -> pc | D47: =IFERROR(__xludf.DUMMYFUNCTION("""COMPUTED_VALUE"""),2.0) -> 2 | E47: =IFERROR(__xludf.DUMMYFUNCTION("""COMPUTED_VALUE"""),"Tools") -> Tools
A48: =IFERROR(__xludf.DUMMYFUNCTION("""COMPUTED_VALUE"""),"P-19849-00") -> P-19849-00 | B48: =IFERROR(__xludf.DUMMYFUNCTION("""COMPUTED_VALUE"""),"General - Reducer Pneumatic Fitting 14-12 mm; EMC; -; 1 pc") -> General - Reducer Pneumatic Fitting 14-12 mm; EMC; -; 1 pc | C48: =IFERROR(__xludf.DUMMYFUNCTION("""COMPUTED_VALUE"""),"pc") -> pc | D48: =IFERROR(__xludf.DUMMYFUNCTION("""COMPUTED_VALUE"""),7.0) -> 7 | E48: =IFERROR(__xludf.DUMMYFUNCTION("""COMPUTED_VALUE"""),"-") -> -
A49: =IFERROR(__xludf.DUMMYFUNCTION("""COMPUTED_VALUE"""),"P-50633-00") -> P-50633-00 | B49: =IFERROR(__xludf.DUMMYFUNCTION("""COMPUTED_VALUE"""),"General - Timer Time AC100-240/DC100-125; Omron; H3CR - A8; 1 pc") -> General - Timer Time AC100-240/DC100-125; Omron; H3CR - A8; 1 pc | C49: =IFERROR(__xludf.DUMMYFUNCTION("""COMPUTED_VALUE"""),"pc") -> pc | D49: =IFERROR(__xludf.DUMMYFUNCTION("""COMPUTED_VALUE"""),4.0) -> 4 | E49: =IFERROR(__xludf.DUMMYFUNCTION("""COMPUTED_VALUE"""),"B-4") -> B-4
A50: =IFERROR(__xludf.DUMMYFUNCTION("""COMPUTED_VALUE"""),"P-52664-00") -> P-52664-00 | B50: =IFERROR(__xludf.DUMMYFUNCTION("""COMPUTED_VALUE"""),"General - Pelampung Air Radar Float Switch 2m; No Brand; -; 1 Pc") -> General - Pelampung Air Radar Float Switch 2m; No Brand; -; 1 Pc | C50: =IFERROR(__xludf.DUMMYFUNCTION("""COMPUTED_VALUE"""),"pc") -> pc | D50: =IFERROR(__xludf.DUMMYFUNCTION("""COMPUTED_VALUE"""),4.0) -> 4 | E50: =IFERROR(__xludf.DUMMYFUNCTION("""COMPUTED_VALUE"""),"M-4") -> M-4
A51: =IFERROR(__xludf.DUMMYFUNCTION("""COMPUTED_VALUE"""),"O-18913-00") -> O-18913-00 | B51: =IFERROR(__xludf.DUMMYFUNCTION("""COMPUTED_VALUE"""),"Freeze Dryer MBE1207 - Valve Body S20 DN40 ANSI150 Flg BODY:CI DISC:316SS STEM 316SS; Bray; EB14-00064; 1 Pc") -> Freeze Dryer MBE1207 - Valve Body S20 DN40 ANSI150 Flg BODY:CI DISC:316SS STEM 316SS; Bray; EB14-00064; 1 Pc | C51: =IFERROR(__xludf.DUMMYFUNCTION("""COMPUTED_VALUE"""),"pc") -> pc | D51: =IFERROR(__xludf.DUMMYFUNCTION("""COMPUTED_VALUE"""),4.0) -> 4 | E51: =IFERROR(__xludf.DUMMYFUNCTION("""COMPUTED_VALUE"""),"D-3-10") -> D-3-10
A52: =IFERROR(__xludf.DUMMYFUNCTION("""COMPUTED_VALUE"""),"O-52635-00") -> O-52635-00 | B52: =IFERROR(__xludf.DUMMYFUNCTION("""COMPUTED_VALUE"""),"Danube 45587 - Electrovalvula 230V AC; -; -; 1 Pc") -> Danube 45587 - Electrovalvula 230V AC; -; -; 1 Pc | C52: =IFERROR(__xludf.DUMMYFUNCTION("""COMPUTED_VALUE"""),"pc") -> pc | D52: =IFERROR(__xludf.DUMMYFUNCTION("""COMPUTED_VALUE"""),1.0) -> 1 | E52: =IFERROR(__xludf.DUMMYFUNCTION("""COMPUTED_VALUE"""),"F-2-1") -> F-2-1
A53: =IFERROR(__xludf.DUMMYFUNCTION("""COMPUTED_VALUE"""),"P-20574-00") -> P-20574-00 | B53: =IFERROR(__xludf.DUMMYFUNCTION("""COMPUTED_VALUE"""),"General - Rivet Nut M10 SS304; Lokal; -; 1 pc") -> General - Rivet Nut M10 SS304; Lokal; -; 1 pc | C53: =IFERROR(__xludf.DUMMYFUNCTION("""COMPUTED_VALUE"""),"pc") -> pc | D53: =IFERROR(__xludf.DUMMYFUNCTION("""COMPUTED_VALUE"""),100.0) -> 100 | E53: =IFERROR(__xludf.DUMMYFUNCTION("""COMPUTED_VALUE"""),"S-3-11") -> S-3-11
A54: =IFERROR(__xludf.DUMMYFUNCTION("""COMPUTED_VALUE"""),"P-10387-00") -> P-10387-00 | B54: =IFERROR(__xludf.DUMMYFUNCTION("""COMPUTED_VALUE"""),"Ball Valve Kuningan 3/4"" KITZ") -> Ball Valve Kuningan 3/4" KITZ | C54: =IFERROR(__xludf.DUMMYFUNCTION("""COMPUTED_VALUE"""),"pc") -> pc | D54: =IFERROR(__xludf.DUMMYFUNCTION("""COMPUTED_VALUE"""),2.0) -> 2 | E54: =IFERROR(__xludf.DUMMYFUNCTION("""COMPUTED_VALUE"""),"S-2-7") -> S-2-7
A55: =IFERROR(__xludf.DUMMYFUNCTION("""COMPUTED_VALUE"""),"Q-10724-00") -> Q-10724-00 | B55: =IFERROR(__xludf.DUMMYFUNCTION("""COMPUTED_VALUE"""),"Semen Plaster Plus MU 301 (Semen untuk Plesteran);Mortar Utama;Type MU-301;pack size per 40 Kg zak") -> Semen Plaster Plus MU 301 (Semen untuk Plesteran);Mortar Utama;Type MU-301;pack size per 40 Kg zak | C55: =IFERROR(__xludf.DUMMYFUNCTION("""COMPUTED_VALUE"""),"unt") -> unt | D55: =IFERROR(__xludf.DUMMYFUNCTION("""COMPUTED_VALUE"""),1.0) -> 1 | E55: =IFERROR(__xludf.DUMMYFUNCTION("""COMPUTED_VALUE"""),"-") -> -
A56: =IFERROR(__xludf.DUMMYFUNCTION("""COMPUTED_VALUE"""),"Q-10154-00") -> Q-10154-00 | B56: =IFERROR(__xludf.DUMMYFUNCTION("""COMPUTED_VALUE"""),"Kuas Cat Roller uk. 230 mm;No Brand;;pack size per set") -> Kuas Cat Roller uk. 230 mm;No Brand;;pack size per set | C56: =IFERROR(__xludf.DUMMYFUNCTION("""COMPUTED_VALUE"""),"pc") -> pc | D56: =IFERROR(__xludf.DUMMYFUNCTION("""COMPUTED_VALUE"""),9.0) -> 9 | E56: =IFERROR(__xludf.DUMMYFUNCTION("""COMPUTED_VALUE"""),"N4") -> N4
A57: =IFERROR(__xludf.DUMMYFUNCTION("""COMPUTED_VALUE"""),"Q-10207-00") -> Q-10207-00 | B57: =IFERROR(__xludf.DUMMYFUNCTION("""COMPUTED_VALUE"""),"Keramik Roman Warna Putih 40 x 40 cm;Roman;CN: 447106;pack size per pack") -> Keramik Roman Warna Putih 40 x 40 cm;Roman;CN: 447106;pack size per pack | C57: =IFERROR(__xludf.DUMMYFUNCTION("""COMPUTED_VALUE"""),"Box") -> Box | D57: =IFERROR(__xludf.DUMMYFUNCTION("""COMPUTED_VALUE"""),6.0) -> 6 | E57: =IFERROR(__xludf.DUMMYFUNCTION("""COMPUTED_VALUE"""),"DW") -> DW
A58: =IFERROR(__xludf.DUMMYFUNCTION("""COMPUTED_VALUE"""),"P-53133-00") -> P-53133-00 | B58: =IFERROR(__xludf.DUMMYFUNCTION("""COMPUTED_VALUE"""),"General - Kabel; Belden; AWG 22; 1 pc") -> General - Kabel; Belden; AWG 22; 1 pc | C58: =IFERROR(__xludf.DUMMYFUNCTION("""COMPUTED_VALUE"""),"rl") -> rl | D58: =IFERROR(__xludf.DUMMYFUNCTION("""COMPUTED_VALUE"""),2.0) -> 2 | E58: =IFERROR(__xludf.DUMMYFUNCTION("""COMPUTED_VALUE"""),"Rak Kabel") -> Rak Kabel
A59: =IFERROR(__xludf.DUMMYFUNCTION("""COMPUTED_VALUE"""),"P-19236-00") -> P-19236-00 | B59: =IFERROR(__xludf.DUMMYFUNCTION("""COMPUTED_VALUE"""),"General - Tubing Nylon 12 x 9mm; SHPI Taiwan; -; 1 Pc") -> General - Tubing Nylon 12 x 9mm; SHPI Taiwan; -; 1 Pc | C59: =IFERROR(__xludf.DUMMYFUNCTION("""COMPUTED_VALUE"""),"rl") -> rl | D59: =IFERROR(__xludf.DUMMYFUNCTION("""COMPUTED_VALUE"""),1.0) -> 1 | E59: =IFERROR(__xludf.DUMMYFUNCTION("""COMPUTED_VALUE"""),"J4") -> J4
A60: =IFERROR(__xludf.DUMMYFUNCTION("""COMPUTED_VALUE"""),"P-11018-00") -> P-11018-00 | B60: =IFERROR(__xludf.DUMMYFUNCTION("""COMPUTED_VALUE"""),"General - Oil Seal TC 15 x 24 x 7; NOK; -; 1 Pc") -> General - Oil Seal TC 15 x 24 x 7; NOK; -; 1 Pc | C60: =IFERROR(__xludf.DUMMYFUNCTION("""COMPUTED_VALUE"""),"pc") -> pc | D60: =IFERROR(__xludf.DUMMYFUNCTION("""COMPUTED_VALUE"""),5.0) -> 5 | E60: =IFERROR(__xludf.DUMMYFUNCTION("""COMPUTED_VALUE"""),"B-3-10A") -> B-3-10A
A61: =IFERROR(__xludf.DUMMYFUNCTION("""COMPUTED_VALUE"""),"P-53298-00") -> P-53298-00 | B61: =IFERROR(__xludf.DUMMYFUNCTION("""COMPUTED_VALUE"""),"General - Solenoid Valve DP-10; Yoshitake; -; 1 pc") -> General - Solenoid Valve DP-10; Yoshitake; -; 1 pc | C61: =IFERROR(__xludf.DUMMYFUNCTION("""COMPUTED_VALUE"""),"pc") -> pc | D61: =IFERROR(__xludf.DUMMYFUNCTION("""COMPUTED_VALUE"""),2.0) -> 2 | E61: =IFERROR(__xludf.DUMMYFUNCTION("""COMPUTED_VALUE"""),"F-1") -> F-1
A62: =IFERROR(__xludf.DUMMYFUNCTION("""COMPUTED_VALUE"""),"O-21284-00") -> O-21284-00 | B62: =IFERROR(__xludf.DUMMYFUNCTION("""COMPUTED_VALUE"""),"General - Isolator Gloves 000080 E10330 CNS 7 E3 5 Neoprene No Staining; Piercan; SG010138; 1 Pc") -> General - Isolator Gloves 000080 E10330 CNS 7 E3 5 Neoprene No Staining; Piercan; SG010138; 1 Pc | C62: =IFERROR(__xludf.DUMMYFUNCTION("""COMPUTED_VALUE"""),"pc") -> pc | D62: =IFERROR(__xludf.DUMMYFUNCTION("""COMPUTED_VALUE"""),23.0) -> 23 | E62: =IFERROR(__xludf.DUMMYFUNCTION("""COMPUTED_VALUE"""),"-") -> -
A63: =IFERROR(__xludf.DUMMYFUNCTION("""COMPUTED_VALUE"""),"O-51177-00") -> O-51177-00 | B63: =IFERROR(__xludf.DUMMYFUNCTION("""COMPUTED_VALUE"""),"General - Pressure Switch type KP35 G1/4; Danfoss; 060-113366; 1 Pc") -> General - Pressure Switch type KP35 G1/4; Danfoss; 060-113366; 1 Pc | C63: =IFERROR(__xludf.DUMMYFUNCTION("""COMPUTED_VALUE"""),"pc") -> pc | D63: =IFERROR(__xludf.DUMMYFUNCTION("""COMPUTED_VALUE"""),2.0) -> 2 | E63: =IFERROR(__xludf.DUMMYFUNCTION("""COMPUTED_VALUE"""),"-") -> -
A64: =IFERROR(__xludf.DUMMYFUNCTION("""COMPUTED_VALUE"""),"O-21265-00") -> O-21265-00 | B64: =IFERROR(__xludf.DUMMYFUNCTION("""COMPUTED_VALUE"""),"Autoclave Service NA2247AU - Oring EPDM 3.5x69.7x76.8; Custom/Lokal; -; 1 Pc") -> Autoclave Service NA2247AU - Oring EPDM 3.5x69.7x76.8; Custom/Lokal; -; 1 Pc | C64: =IFERROR(__xludf.DUMMYFUNCTION("""COMPUTED_VALUE"""),"pc") -> pc | D64: =IFERROR(__xludf.DUMMYFUNCTION("""COMPUTED_VALUE"""),5.0) -> 5 | E64: =IFERROR(__xludf.DUMMYFUNCTION("""COMPUTED_VALUE"""),"S-3-6") -> S-3-6
A65: =IFERROR(__xludf.DUMMYFUNCTION("""COMPUTED_VALUE"""),"P-12263-00") -> P-12263-00 | B65: =IFERROR(__xludf.DUMMYFUNCTION("""COMPUTED_VALUE"""),"General - Push-in Connector, QS-8; Festo; 153033; 1 pcs") -> General - Push-in Connector, QS-8; Festo; 153033; 1 pcs | C65: =IFERROR(__xludf.DUMMYFUNCTION("""COMPUTED_VALUE"""),"pc") -> pc | D65: =IFERROR(__xludf.DUMMYFUNCTION("""COMPUTED_VALUE"""),29.0) -> 29 | E65: =IFERROR(__xludf.DUMMYFUNCTION("""COMPUTED_VALUE"""),"R-4-7") -> R-4-7
A66: =IFERROR(__xludf.DUMMYFUNCTION("""COMPUTED_VALUE"""),"P-50810-00") -> P-50810-00 | B66: =IFERROR(__xludf.DUMMYFUNCTION("""COMPUTED_VALUE"""),"General - Buzzer AD22-22MSD red with lamp; FORT; -; 1 pcs") -> General - Buzzer AD22-22MSD red with lamp; FORT; -; 1 pcs | C66: =IFERROR(__xludf.DUMMYFUNCTION("""COMPUTED_VALUE"""),"pc") -> pc | D66: =IFERROR(__xludf.DUMMYFUNCTION("""COMPUTED_VALUE"""),6.0) -> 6 | E66: =IFERROR(__xludf.DUMMYFUNCTION("""COMPUTED_VALUE"""),"A-4-4A") -> A-4-4A
A67: =IFERROR(__xludf.DUMMYFUNCTION("""COMPUTED_VALUE"""),"P-20242-00") -> P-20242-00 | B67: =IFERROR(__xludf.DUMMYFUNCTION("""COMPUTED_VALUE"""),"General - Plate SS304 Uk. 1,2 x 1220 x 2440mm F2B; No Brand; -; 1 pc") -> General - Plate SS304 Uk. 1,2 x 1220 x 2440mm F2B; No Brand; -; 1 pc | C67: =IFERROR(__xludf.DUMMYFUNCTION("""COMPUTED_VALUE"""),"pc") -> pc | D67: =IFERROR(__xludf.DUMMYFUNCTION("""COMPUTED_VALUE"""),1.0) -> 1 | E67: =IFERROR(__xludf.DUMMYFUNCTION("""COMPUTED_VALUE"""),"-") -> -
A68: =IFERROR(__xludf.DUMMYFUNCTION("""COMPUTED_VALUE"""),"O-21471-00") -> O-21471-00 | B68: =IFERROR(__xludf.DUMMYFUNCTION("""COMPUTED_VALUE"""),"Colamark - Spares Full Mechanism EAS00 1023SP; Domino; SP-0078; 1 Pc") -> Colamark - Spares Full Mechanism EAS00 1023SP; Domino; SP-0078; 1 Pc | C68: =IFERROR(__xludf.DUMMYFUNCTION("""COMPUTED_VALUE"""),"pc") -> pc | D68: =IFERROR(__xludf.DUMMYFUNCTION("""COMPUTED_VALUE"""),1.0) -> 1 | E68: =IFERROR(__xludf.DUMMYFUNCTION("""COMPUTED_VALUE"""),"-") -> -
A69: =IFERROR(__xludf.DUMMYFUNCTION("""COMPUTED_VALUE"""),"P-19038-00") -> P-19038-00 | B69: =IFERROR(__xludf.DUMMYFUNCTION("""COMPUTED_VALUE"""),"General - Kunci Handle Panel; Hengzhu; MS 306-2-1; 1 pc") -> General - Kunci Handle Panel; Hengzhu; MS 306-2-1; 1 pc | C69: =IFERROR(__xludf.DUMMYFUNCTION("""COMPUTED_VALUE"""),"pc") -> pc | D69: =IFERROR(__xludf.DUMMYFUNCTION("""COMPUTED_VALUE"""),2.0) -> 2 | E69: =IFERROR(__xludf.DUMMYFUNCTION("""COMPUTED_VALUE"""),"N4") -> N4
A70: =IFERROR(__xludf.DUMMYFUNCTION("""COMPUTED_VALUE"""),"O-20896-00") -> O-20896-00 | B70: =IFERROR(__xludf.DUMMYFUNCTION("""COMPUTED_VALUE"""),"Isolator - Silicon Tube Pump 913.A016.016; SKAN; 1002902; 1 Pc") -> Isolator - Silicon Tube Pump 913.A016.016; SKAN; 1002902; 1 Pc | C70: =IFERROR(__xludf.DUMMYFUNCTION("""COMPUTED_VALUE"""),"pc") -> pc | D70: =IFERROR(__xludf.DUMMYFUNCTION("""COMPUTED_VALUE"""),15.0) -> 15 | E70: =IFERROR(__xludf.DUMMYFUNCTION("""COMPUTED_VALUE"""),"-") -> -
A71: =IFERROR(__xludf.DUMMYFUNCTION("""COMPUTED_VALUE"""),"P-17363-00") -> P-17363-00 | B71: =IFERROR(__xludf.DUMMYFUNCTION("""COMPUTED_VALUE"""),"General - Ferrule SS 316, 1/2inch; No Brand; -; 1 pcs") -> General - Ferrule SS 316, 1/2inch; No Brand; -; 1 pcs | C71: =IFERROR(__xludf.DUMMYFUNCTION("""COMPUTED_VALUE"""),"pc") -> pc | D71: =IFERROR(__xludf.DUMMYFUNCTION("""COMPUTED_VALUE"""),2.0) -> 2 | E71: =IFERROR(__xludf.DUMMYFUNCTION("""COMPUTED_VALUE"""),"-") -> -
A72: =IFERROR(__xludf.DUMMYFUNCTION("""COMPUTED_VALUE"""),"P-11422-00") -> P-11422-00 | B72: =IFERROR(__xludf.DUMMYFUNCTION("""COMPUTED_VALUE"""),"General - Plastic Tubing, PUN-H-10X1,5-BL; Festo; 197386; 1 m") -> General - Plastic Tubing, PUN-H-10X1,5-BL; Festo; 197386; 1 m | C72: =IFERROR(__xludf.DUMMYFUNCTION("""COMPUTED_VALUE"""),"m") -> m | D72: =IFERROR(__xludf.DUMMYFUNCTION("""COMPUTED_VALUE"""),100.0) -> 100 | E72: =IFERROR(__xludf.DUMMYFUNCTION("""COMPUTED_VALUE"""),"M-3") -> M-3
A73: =IFERROR(__xludf.DUMMYFUNCTION("""COMPUTED_VALUE"""),"P-15852-00") -> P-15852-00 | B73: =IFERROR(__xludf.DUMMYFUNCTION("""COMPUTED_VALUE"""),"General - Ampelas P500; EAGLE; -; 1 pcs") -> General - Ampelas P500; EAGLE; -; 1 pcs | C73: =IFERROR(__xludf.DUMMYFUNCTION("""COMPUTED_VALUE"""),"pc") -> pc | D73: =IFERROR(__xludf.DUMMYFUNCTION("""COMPUTED_VALUE"""),6.0) -> 6 | E73: =IFERROR(__xludf.DUMMYFUNCTION("""COMPUTED_VALUE"""),"N3") -> N3
A74: =IFERROR(__xludf.DUMMYFUNCTION("""COMPUTED_VALUE"""),"O-20750-00") -> O-20750-00 | B74: =IFERROR(__xludf.DUMMYFUNCTION("""COMPUTED_VALUE"""),"Marchesini MA155 - Tension Spring (Molla Frizione) 21401-0189; Marchesini; M660010014; 1 Pc") -> Marchesini MA155 - Tension Spring (Molla Frizione) 21401-0189; Marchesini; M660010014; 1 Pc | C74: =IFERROR(__xludf.DUMMYFUNCTION("""COMPUTED_VALUE"""),"pc") -> pc | D74: =IFERROR(__xludf.DUMMYFUNCTION("""COMPUTED_VALUE"""),2.0) -> 2 | E74: =IFERROR(__xludf.DUMMYFUNCTION("""COMPUTED_VALUE"""),"G-2") -> G-2
A75: =IFERROR(__xludf.DUMMYFUNCTION("""COMPUTED_VALUE"""),"O-53523-00") -> O-53523-00 | B75: =IFERROR(__xludf.DUMMYFUNCTION("""COMPUTED_VALUE"""),"cRABS Z064CR - Transmitter for Temperature Probe HC2-xxx; -; 64938; 1 Pc") -> cRABS Z064CR - Transmitter for Temperature Probe HC2-xxx; -; 64938; 1 Pc | C75: =IFERROR(__xludf.DUMMYFUNCTION("""COMPUTED_VALUE"""),"pc") -> pc | D75: =IFERROR(__xludf.DUMMYFUNCTION("""COMPUTED_VALUE"""),1.0) -> 1 | E75: =IFERROR(__xludf.DUMMYFUNCTION("""COMPUTED_VALUE"""),"H-2") -> H-2
A76: =IFERROR(__xludf.DUMMYFUNCTION("""COMPUTED_VALUE"""),"P-16972-00") -> P-16972-00 | B76: =IFERROR(__xludf.DUMMYFUNCTION("""COMPUTED_VALUE"""),"Vent Filter HE Press 6.5 bar, temp. 40C ; Brand : NOVASIP ( PALL ) ; P/N : C3PFRPI , IT09556493 ; Pack Size : pcs") -> Vent Filter HE Press 6.5 bar, temp. 40C ; Brand : NOVASIP ( PALL ) ; P/N : C3PFRPI , IT09556493 ; Pack Size : pcs | C76: =IFERROR(__xludf.DUMMYFUNCTION("""COMPUTED_VALUE"""),"unt") -> unt | D76: =IFERROR(__xludf.DUMMYFUNCTION("""COMPUTED_VALUE"""),2.0) -> 2 | E76: =IFERROR(__xludf.DUMMYFUNCTION("""COMPUTED_VALUE"""),"F-1") -> F-1
A77: =IFERROR(__xludf.DUMMYFUNCTION("""COMPUTED_VALUE"""),"P-10906-00") -> P-10906-00 | B77: =IFERROR(__xludf.DUMMYFUNCTION("""COMPUTED_VALUE"""),"General - Tee, PVC AW, 1""; Rucika; -; 1 pcs") -> General - Tee, PVC AW, 1"; Rucika; -; 1 pcs | C77: =IFERROR(__xludf.DUMMYFUNCTION("""COMPUTED_VALUE"""),"pc") -> pc | D77: =IFERROR(__xludf.DUMMYFUNCTION("""COMPUTED_VALUE"""),4.0) -> 4
A78: =IFERROR(__xludf.DUMMYFUNCTION("""COMPUTED_VALUE"""),"P-10904-00") -> P-10904-00 | B78: =IFERROR(__xludf.DUMMYFUNCTION("""COMPUTED_VALUE"""),"General - Tee, PVC, 1 1/4""; Rucika; -; 1 pcs") -> General - Tee, PVC, 1 1/4"; Rucika; -; 1 pcs | C78: =IFERROR(__xludf.DUMMYFUNCTION("""COMPUTED_VALUE"""),"pc") -> pc | D78: =IFERROR(__xludf.DUMMYFUNCTION("""COMPUTED_VALUE"""),4.0) -> 4
A79: =IFERROR(__xludf.DUMMYFUNCTION("""COMPUTED_VALUE"""),"O-53566-00") -> O-53566-00 | B79: =IFERROR(__xludf.DUMMYFUNCTION("""COMPUTED_VALUE"""),"Integrated Granulation Line - K-Adp-Usb Programmer; Pepperl+Fuchs; ;") -> Integrated Granulation Line - K-Adp-Usb Programmer; Pepperl+Fuchs; ; | C79: =IFERROR(__xludf.DUMMYFUNCTION("""COMPUTED_VALUE"""),"pc") -> pc | D79: =IFERROR(__xludf.DUMMYFUNCTION("""COMPUTED_VALUE"""),1.0) -> 1 | E79: =IFERROR(__xludf.DUMMYFUNCTION("""COMPUTED_VALUE"""),"-") -> -
A80: =IFERROR(__xludf.DUMMYFUNCTION("""COMPUTED_VALUE"""),"P-20041-00") -> P-20041-00 | B80: =IFERROR(__xludf.DUMMYFUNCTION("""COMPUTED_VALUE"""),"General - Cable Duct 15 x 30mm; No Brand; -; 1,7meter/pc") -> General - Cable Duct 15 x 30mm; No Brand; -; 1,7meter/pc | C80: =IFERROR(__xludf.DUMMYFUNCTION("""COMPUTED_VALUE"""),"pc") -> pc | D80: =IFERROR(__xludf.DUMMYFUNCTION("""COMPUTED_VALUE"""),6.0) -> 6
A81: =IFERROR(__xludf.DUMMYFUNCTION("""COMPUTED_VALUE"""),"P-12765-00") -> P-12765-00 | B81: =IFERROR(__xludf.DUMMYFUNCTION("""COMPUTED_VALUE"""),"General - Silicone Gasket for Ferrule dia. 2inch; Custom; -; 1 pcs") -> General - Silicone Gasket for Ferrule dia. 2inch; Custom; -; 1 pcs | C81: =IFERROR(__xludf.DUMMYFUNCTION("""COMPUTED_VALUE"""),"pc") -> pc | D81: =IFERROR(__xludf.DUMMYFUNCTION("""COMPUTED_VALUE"""),13.0) -> 13 | E81: =IFERROR(__xludf.DUMMYFUNCTION("""COMPUTED_VALUE"""),"M3") -> M3
A82: =IFERROR(__xludf.DUMMYFUNCTION("""COMPUTED_VALUE"""),"O-19849-00") -> O-19849-00 | B82: =IFERROR(__xludf.DUMMYFUNCTION("""COMPUTED_VALUE"""),"General - Sabuk Tangki Mixing; Custom/Lokal; -; 1 Pc") -> General - Sabuk Tangki Mixing; Custom/Lokal; -; 1 Pc | C82: =IFERROR(__xludf.DUMMYFUNCTION("""COMPUTED_VALUE"""),"pc") -> pc | D82: =IFERROR(__xludf.DUMMYFUNCTION("""COMPUTED_VALUE"""),2.0) -> 2 | E82: =IFERROR(__xludf.DUMMYFUNCTION("""COMPUTED_VALUE"""),"-") -> -
A83: =IFERROR(__xludf.DUMMYFUNCTION("""COMPUTED_VALUE"""),"O-17833-00") -> O-17833-00 | B83: =IFERROR(__xludf.DUMMYFUNCTION("""COMPUTED_VALUE"""),"Washing RAR4 - Outfeed Teflon Right; Custom/Lokal; -; 1 Pc") -> Washing RAR4 - Outfeed Teflon Right; Custom/Lokal; -; 1 Pc | C83: =IFERROR(__xludf.DUMMYFUNCTION("""COMPUTED_VALUE"""),"pc") -> pc | D83: =IFERROR(__xludf.DUMMYFUNCTION("""COMPUTED_VALUE"""),1.0) -> 1 | E83: =IFERROR(__xludf.DUMMYFUNCTION("""COMPUTED_VALUE"""),"-") -> -
A84: =IFERROR(__xludf.DUMMYFUNCTION("""COMPUTED_VALUE"""),"O-19339-00") -> O-19339-00 | B84: =IFERROR(__xludf.DUMMYFUNCTION("""COMPUTED_VALUE"""),"General - Oring 2,5x6x11 mm, Material EPDM; -; -; 1 Pc") -> General - Oring 2,5x6x11 mm, Material EPDM; -; -; 1 Pc | C84: =IFERROR(__xludf.DUMMYFUNCTION("""COMPUTED_VALUE"""),"pc") -> pc | D84: =IFERROR(__xludf.DUMMYFUNCTION("""COMPUTED_VALUE"""),19.0) -> 19 | E84: =IFERROR(__xludf.DUMMYFUNCTION("""COMPUTED_VALUE"""),"E-3-8A") -> E-3-8A
A85: =IFERROR(__xludf.DUMMYFUNCTION("""COMPUTED_VALUE"""),"O-20475-00") -> O-20475-00 | B85: =IFERROR(__xludf.DUMMYFUNCTION("""COMPUTED_VALUE"""),"Freeze Dryer MBE1207 - Oring Silicone 5x39x49 mm LPRV; Custom/Lokal; -; 1 pc") -> Freeze Dryer MBE1207 - Oring Silicone 5x39x49 mm LPRV; Custom/Lokal; -; 1 pc | C85: =IFERROR(__xludf.DUMMYFUNCTION("""COMPUTED_VALUE"""),"pc") -> pc | D85: =IFERROR(__xludf.DUMMYFUNCTION("""COMPUTED_VALUE"""),6.0) -> 6
A86: =IFERROR(__xludf.DUMMYFUNCTION("""COMPUTED_VALUE"""),"O-53150-00") -> O-53150-00 | B86: =IFERROR(__xludf.DUMMYFUNCTION("""COMPUTED_VALUE"""),"Freeze Dryer MBE1207 - FV401 Pneumatic Actuator 9611416301; Alfalaval; EB50-00044; 1 Pc") -> Freeze Dryer MBE1207 - FV401 Pneumatic Actuator 9611416301; Alfalaval; EB50-00044; 1 Pc | C86: =IFERROR(__xludf.DUMMYFUNCTION("""COMPUTED_VALUE"""),"pc") -> pc | D86: =IFERROR(__xludf.DUMMYFUNCTION("""COMPUTED_VALUE"""),2.0) -> 2 | E86: =IFERROR(__xludf.DUMMYFUNCTION("""COMPUTED_VALUE"""),"D-4") -> D-4
A87: =IFERROR(__xludf.DUMMYFUNCTION("""COMPUTED_VALUE"""),"P-12433-00") -> P-12433-00 | B87: =IFERROR(__xludf.DUMMYFUNCTION("""COMPUTED_VALUE"""),"General - Isolasi Duct Tape AC; Sansui; -; 1 Pc") -> General - Isolasi Duct Tape AC; Sansui; -; 1 Pc | C87: =IFERROR(__xludf.DUMMYFUNCTION("""COMPUTED_VALUE"""),"pc") -> pc | D87: =IFERROR(__xludf.DUMMYFUNCTION("""COMPUTED_VALUE"""),9.0) -> 9 | E87: =IFERROR(__xludf.DUMMYFUNCTION("""COMPUTED_VALUE"""),"M-3-6") -> M-3-6
A88: =IFERROR(__xludf.DUMMYFUNCTION("""COMPUTED_VALUE"""),"P-10868-00") -> P-10868-00 | B88: =IFERROR(__xludf.DUMMYFUNCTION("""COMPUTED_VALUE"""),"General - Elbow PVC AW 4inch; Rucika; -; 1 Pc") -> General - Elbow PVC AW 4inch; Rucika; -; 1 Pc | C88: =IFERROR(__xludf.DUMMYFUNCTION("""COMPUTED_VALUE"""),"pc") -> pc | D88: =IFERROR(__xludf.DUMMYFUNCTION("""COMPUTED_VALUE"""),4.0) -> 4 | E88: =IFERROR(__xludf.DUMMYFUNCTION("""COMPUTED_VALUE"""),"-") -> -
A89: =IFERROR(__xludf.DUMMYFUNCTION("""COMPUTED_VALUE"""),"P-10890-00") -> P-10890-00 | B89: =IFERROR(__xludf.DUMMYFUNCTION("""COMPUTED_VALUE"""),"General - Socket Drat Luar, PVC, 1 1/2""; Rucika; -; 1 pcs") -> General - Socket Drat Luar, PVC, 1 1/2"; Rucika; -; 1 pcs | C89: =IFERROR(__xludf.DUMMYFUNCTION("""COMPUTED_VALUE"""),"pc") -> pc | D89: =IFERROR(__xludf.DUMMYFUNCTION("""COMPUTED_VALUE"""),4.0) -> 4 | E89: =IFERROR(__xludf.DUMMYFUNCTION("""COMPUTED_VALUE"""),"-") -> -
A90: =IFERROR(__xludf.DUMMYFUNCTION("""COMPUTED_VALUE"""),"O-18055-00") -> O-18055-00 | B90: =IFERROR(__xludf.DUMMYFUNCTION("""COMPUTED_VALUE"""),"Robot Casepacker - Suction cup; VB17. single below; diameter Cup 17 mm; Vmeca; -; 1 Pc") -> Robot Casepacker - Suction cup; VB17. single below; diameter Cup 17 mm; Vmeca; -; 1 Pc | C90: =IFERROR(__xludf.DUMMYFUNCTION("""COMPUTED_VALUE"""),"pc") -> pc | D90: =IFERROR(__xludf.DUMMYFUNCTION("""COMPUTED_VALUE"""),37.0) -> 37 | E90: =IFERROR(__xludf.DUMMYFUNCTION("""COMPUTED_VALUE"""),"G-2") -> G-2
A91: =IFERROR(__xludf.DUMMYFUNCTION("""COMPUTED_VALUE"""),"P-20540-00") -> P-20540-00 | B91: =IFERROR(__xludf.DUMMYFUNCTION("""COMPUTED_VALUE"""),"General - Handle Pintu Panel H3-60-221-050; Soutcho; -; 1 pc") -> General - Handle Pintu Panel H3-60-221-050; Soutcho; -; 1 pc | C91: =IFERROR(__xludf.DUMMYFUNCTION("""COMPUTED_VALUE"""),"pc") -> pc | D91: =IFERROR(__xludf.DUMMYFUNCTION("""COMPUTED_VALUE"""),2.0) -> 2 | E91: =IFERROR(__xludf.DUMMYFUNCTION("""COMPUTED_VALUE"""),"-") -> -
A92: =IFERROR(__xludf.DUMMYFUNCTION("""COMPUTED_VALUE"""),"P-20529-00") -> P-20529-00 | B92: =IFERROR(__xludf.DUMMYFUNCTION("""COMPUTED_VALUE"""),"General - Oring Port Sampling 8 x 61 x 77mm; Custom Agru; -; 1 pc") -> General - Oring Port Sampling 8 x 61 x 77mm; Custom Agru; -; 1 pc | C92: =IFERROR(__xludf.DUMMYFUNCTION("""COMPUTED_VALUE"""),"pc") -> pc | D92: =IFERROR(__xludf.DUMMYFUNCTION("""COMPUTED_VALUE"""),3.0) -> 3 | E92: =IFERROR(__xludf.DUMMYFUNCTION("""COMPUTED_VALUE"""),"S-3-6") -> S-3-6
A93: =IFERROR(__xludf.DUMMYFUNCTION("""COMPUTED_VALUE"""),"O-13505-00") -> O-13505-00 | B93: =IFERROR(__xludf.DUMMYFUNCTION("""COMPUTED_VALUE"""),"General - Push-in T-connector, QST-10; Festo; 153131; 1 pcs") -> General - Push-in T-connector, QST-10; Festo; 153131; 1 pcs | C93: =IFERROR(__xludf.DUMMYFUNCTION("""COMPUTED_VALUE"""),"pc") -> pc | D93: =IFERROR(__xludf.DUMMYFUNCTION("""COMPUTED_VALUE"""),20.0) -> 20 | E93: =IFERROR(__xludf.DUMMYFUNCTION("""COMPUTED_VALUE"""),"M3") -> M3
A94: =IFERROR(__xludf.DUMMYFUNCTION("""COMPUTED_VALUE"""),"O-53473-00") -> O-53473-00 | B94: =IFERROR(__xludf.DUMMYFUNCTION("""COMPUTED_VALUE"""),"EDM EDM1 - C.A. BLOWING VALVE ACTUATOR, Univer, 5125, DA-0051, Coil U1 3,5W 24VDC; ; 5125; 1 Pc") -> EDM EDM1 - C.A. BLOWING VALVE ACTUATOR, Univer, 5125, DA-0051, Coil U1 3,5W 24VDC; ; 5125; 1 Pc | C94: =IFERROR(__xludf.DUMMYFUNCTION("""COMPUTED_VALUE"""),"pc") -> pc | D94: =IFERROR(__xludf.DUMMYFUNCTION("""COMPUTED_VALUE"""),2.0) -> 2 | E94: =IFERROR(__xludf.DUMMYFUNCTION("""COMPUTED_VALUE"""),"R-3-0") -> R-3-0
A95: =IFERROR(__xludf.DUMMYFUNCTION("""COMPUTED_VALUE"""),"O-17842-00") -> O-17842-00 | B95: =IFERROR(__xludf.DUMMYFUNCTION("""COMPUTED_VALUE"""),"General - Membrane Diaphragm Valve EPDM DN 25; Gemu; 600 25M 17; 1 Pc") -> General - Membrane Diaphragm Valve EPDM DN 25; Gemu; 600 25M 17; 1 Pc | C95: =IFERROR(__xludf.DUMMYFUNCTION("""COMPUTED_VALUE"""),"pc") -> pc | D95: =IFERROR(__xludf.DUMMYFUNCTION("""COMPUTED_VALUE"""),2.0) -> 2 | E95: =IFERROR(__xludf.DUMMYFUNCTION("""COMPUTED_VALUE"""),"E-4-1A") -> E-4-1A
A96: =IFERROR(__xludf.DUMMYFUNCTION("""COMPUTED_VALUE"""),"O-14643-00") -> O-14643-00 | B96: =IFERROR(__xludf.DUMMYFUNCTION("""COMPUTED_VALUE"""),"General - EPDM Gasket for Ferrule dia. 3""; -; -; 1 pc") -> General - EPDM Gasket for Ferrule dia. 3"; -; -; 1 pc | C96: =IFERROR(__xludf.DUMMYFUNCTION("""COMPUTED_VALUE"""),"pc") -> pc | D96: =IFERROR(__xludf.DUMMYFUNCTION("""COMPUTED_VALUE"""),10.0) -> 10 | E96: =IFERROR(__xludf.DUMMYFUNCTION("""COMPUTED_VALUE"""),"M3") -> M3
A97: =IFERROR(__xludf.DUMMYFUNCTION("""COMPUTED_VALUE"""),"P-19443-00") -> P-19443-00 | B97: =IFERROR(__xludf.DUMMYFUNCTION("""COMPUTED_VALUE"""),"General - Pneumatic Vacuum Ejector; EMC; E-CV-05-R; 1 Pc") -> General - Pneumatic Vacuum Ejector; EMC; E-CV-05-R; 1 Pc | C97: =IFERROR(__xludf.DUMMYFUNCTION("""COMPUTED_VALUE"""),"pc") -> pc | D97: =IFERROR(__xludf.DUMMYFUNCTION("""COMPUTED_VALUE"""),2.0) -> 2 | E97: =IFERROR(__xludf.DUMMYFUNCTION("""COMPUTED_VALUE"""),"F-3") -> F-3
A98: =IFERROR(__xludf.DUMMYFUNCTION("""COMPUTED_VALUE"""),"P-20408-00") -> P-20408-00 | B98: =IFERROR(__xludf.DUMMYFUNCTION("""COMPUTED_VALUE"""),"General - Pressure Gauge 10 Bar 3/4 Inch; GMT; -; 1 pc") -> General - Pressure Gauge 10 Bar 3/4 Inch; GMT; -; 1 pc | C98: =IFERROR(__xludf.DUMMYFUNCTION("""COMPUTED_VALUE"""),"pc") -> pc | D98: =IFERROR(__xludf.DUMMYFUNCTION("""COMPUTED_VALUE"""),1.0) -> 1 | E98: =IFERROR(__xludf.DUMMYFUNCTION("""COMPUTED_VALUE"""),"-") -> -
A99: =IFERROR(__xludf.DUMMYFUNCTION("""COMPUTED_VALUE"""),"P-51705-00") -> P-51705-00 | B99: =IFERROR(__xludf.DUMMYFUNCTION("""COMPUTED_VALUE"""),"Relay 110-120 V AC; ; ;") -> Relay 110-120 V AC; ; ; | C99: =IFERROR(__xludf.DUMMYFUNCTION("""COMPUTED_VALUE"""),"pc") -> pc | D99: =IFERROR(__xludf.DUMMYFUNCTION("""COMPUTED_VALUE"""),3.0) -> 3 | E99: =IFERROR(__xludf.DUMMYFUNCTION("""COMPUTED_VALUE"""),"A-4-11A") -> A-4-11A
A100: =IFERROR(__xludf.DUMMYFUNCTION("""COMPUTED_VALUE"""),"O-11162-00") -> O-11162-00 | B100: =IFERROR(__xludf.DUMMYFUNCTION("""COMPUTED_VALUE"""),"General - Bearing 6205 ZZ; No Brand; -; 1 pcs") -> General - Bearing 6205 ZZ; No Brand; -; 1 pcs | C100: =IFERROR(__xludf.DUMMYFUNCTION("""COMPUTED_VALUE"""),"pc") -> pc | D100: =IFERROR(__xludf.DUMMYFUNCTION("""COMPUTED_VALUE"""),7.0) -> 7 | E100: =IFERROR(__xludf.DUMMYFUNCTION("""COMPUTED_VALUE"""),"G-2") -> G-2
...
